"data1","data2","data3","data4","data5","data6","data7","data8","data9","data10","data11","data12","epoch"
"0.0","0.0","0.106","0","0","0","0.024","0.013","0.05","0.018","0.109","0.041","1620799127"
"0.0","0.0","0.106","0","0","0","0.024","0.013","0.05","0.018","0.109","0.041","1620799127"
"0.0","0.0","0.106","0","0","0","0.029","0.029","0.053","0.014","0.109","0.043","1620799067"
"0.0","0.0","0.125","0","0","0","0.025","0.021","0.048","0.014","0.154","0.039","1620799007"
"0.0","0.0","0.125","0","0","0","0.025","0.021","0.048","0.014","0.154","0.039","1620799007"
"0.0","0.0","0.106","0","0","0","0.024","0.029","0.055","0.018","0.11","0.04","1620798946"
"0.0","0.0","0.106","0","0","0","0.024","0.029","0.055","0.018","0.11","0.04","1620798946"
"0.0","0.0","0.106","0","0","0","0.022","0.014","0.047","0.013","0.08","0.031","1620798886"
"0.0","0.0","0.106","0","0","0","0.022","0.014","0.047","0.013","0.08","0.031","1620798886"
"0.0","0.0","0.106","0","0","0","0.023","0.027","0.051","0.016","0.083","0.033","1620798826"
"0.0","0.0","0.106","0","0","0","0.023","0.027","0.051","0.016","0.083","0.033","1620798826"
"0.0","0.0","0.106","0","0","0","0.023","0.018","0.047","0.016","0.109","0.04","1620798766"
"0.0","0.0","0.106","0","0","0","0.023","0.018","0.047","0.016","0.109","0.04","1620798766"
"0.0","0.0","0.106","0","0","0","0.024","0.029","0.043","0.016","0.101","0.034","1620798705"
"0.0","0.0","0.106","0","0","0","0.022","0.031","0.049","0.015","0.105","0.036","1620798645"
"0.0","0.0","0.106","0","0","0","0.022","0.031","0.049","0.015","0.105","0.036","1620798645"
"0.0","0.0","0.106","0","0","0","0.024","0.03","0.055","0.013","0.138","0.034","1620798585"
"0.0","0.0","0.106","0","0","0","0.024","0.03","0.055","0.013","0.138","0.034","1620798585"
"0.0","0.0","0.125","0","0","0","0.026","0.013","0.046","0.014","0.103","0.037","1620798525"
"0.0","0.0","0.125","0","0","0","0.026","0.013","0.046","0.014","0.103","0.037","1620798525"
"0.0","0.0","0.106","0","0","0","0.022","0.028","0.049","0.015","0.109","0.04","1620798464"
"0.0","0.0","0.106","0","0","0","0.022","0.028","0.049","0.015","0.109","0.04","1620798464"
"0.0","0.0","0.106","0","0","0","0.023","0.029","0.051","0.013","0.097","0.036","1620798404"
"0.0","0.0","0.106","0","0","0","0.023","0.029","0.051","0.013","0.097","0.036","1620798404"
"0.0","0.0","0.106","0","0","0","0.026","0.031","0.049","0.013","0.104","0.041","1620798344"
"0.0","0.0","0.106","0","0","0","0.026","0.031","0.049","0.013","0.104","0.041","1620798344"
"0.0","0.0","0.106","0","0","0","0.024","0.026","0.051","0.017","0.121","0.062","1620798284"
"0.0","0.0","0.106","0","0","0","0.024","0.026","0.051","0.017","0.121","0.062","1620798284"
"0.0","0.0","0.106","0","0","0","0.025","0.028","0.051","0.013","0.102","0.043","1620798223"
"0.0","0.0","0.106","0","0","0","0.025","0.028","0.051","0.013","0.102","0.043","1620798223"
"0.0","0.0","0.106","0","0","0","0.024","0.021","0.042","0.013","0.07","0.039","1620798163"
"0.0","0.0","0.106","0","0","0","0.024","0.021","0.042","0.013","0.07","0.039","1620798163"
"0.0","0.0","0.106","0","0","0","0.027","0.022","0.048","0.016","0.105","0.036","1620798103"
"0.0","0.0","0.106","0","0","0","0.027","0.022","0.048","0.016","0.105","0.036","1620798103"
"0.0","0.0","0.106","0","0","0","0.024","0.018","0.048","0.026","0.102","0.041","1620798042"
"0.0","0.0","0.106","0","0","0","0.024","0.018","0.048","0.026","0.102","0.041","1620798042"
"0.0","0.0","0.106","0","0","0","0.024","0.022","0.047","0.014","0.113","0.037","1620797982"
"0.0","0.0","0.106","0","0","0","0.024","0.022","0.047","0.014","0.113","0.037","1620797982"
"0.0","0.0","0.125","0","0","0","0.026","0.03","0.05","0.014","0.155","0.04","1620797922"
"0.0","0.0","0.125","0","0","0","0.026","0.03","0.05","0.014","0.155","0.04","1620797922"
"0.0","0.0","0.106","0","0","0","0.024","0.028","0.05","0.015","0.137","0.053","1620797862"
"0.0","0.0","0.106","0","0","0","0.024","0.028","0.05","0.015","0.137","0.053","1620797862"
"0.0","0.0","0.106","0","0","0","0.021","0.022","0.045","0.014","0.095","0.035","1620797801"
"0.0","0.0","0.106","0","0","0","0.021","0.022","0.045","0.014","0.095","0.035","1620797801"
"0.0","0.0","0.106","0","0","0","0.024","0.023","0.056","0.015","0.118","0.045","1620797741"
"0.0","0.0","0.106","0","0","0","0.024","0.023","0.056","0.015","0.118","0.045","1620797741"
"0.0","0.0","0.106","0","0","0","0.027","0.02","0.049","0.016","0.108","0.046","1620797681"
"0.0","0.0","0.106","0","0","0","0.027","0.02","0.049","0.016","0.108","0.046","1620797681"
"0.0","0.0","0.125","0","0","0","0.025","0.021","0.05","0.015","0.105","0.033","1620797620"
"0.0","0.0","0.125","0","0","0","0.025","0.021","0.05","0.015","0.105","0.033","1620797620"
"0.0","0.0","0.106","0","0","0","0.029","0.03","0.058","0.014","0.075","0.037","1620797560"
"0.0","0.0","0.106","0","0","0","0.029","0.03","0.058","0.014","0.075","0.037","1620797560"
"0.0","0.0","0.106","0","0","0","0.025","0.019","0.046","0.016","0.112","0.044","1620797500"
"0.0","0.0","0.106","0","0","0","0.025","0.019","0.046","0.016","0.112","0.044","1620797500"
"0.0","0.0","0.106","0","0","0","0.023","0.021","0.051","0.013","0.076","0.032","1620797440"
"0.0","0.0","0.106","0","0","0","0.023","0.021","0.051","0.013","0.076","0.032","1620797440"
"0.0","0.0","0.106","0","0","0","0.028","0.031","0.048","0.026","0.144","0.057","1620797379"
"0.0","0.0","0.106","0","0","0","0.028","0.031","0.048","0.026","0.144","0.057","1620797379"
"0.0","0.0","0.106","0","0","0","0.025","0.029","0.049","0.013","0.118","0.042","1620797319"
"0.0","0.0","0.106","0","0","0","0.025","0.029","0.049","0.013","0.118","0.042","1620797319"
"0.0","0.0","0.106","0","0","0","0.022","0.03","0.05","0.015","0.11","0.036","1620797259"
"0.0","0.0","0.106","0","0","0","0.022","0.03","0.05","0.015","0.11","0.036","1620797259"
"0.0","0.0","0.106","0","0","0","0.022","0.012","0.048","0.014","0.081","0.043","1620797198"
"0.0","0.0","0.106","0","0","0","0.022","0.012","0.048","0.014","0.081","0.043","1620797198"
"0.0","0.0","0.106","0","0","0","0.024","0.027","0.057","0.012","0.079","0.029","1620797138"
"0.0","0.0","0.106","0","0","0","0.024","0.027","0.057","0.012","0.079","0.029","1620797138"
"0.0","0.0","0.106","0","0","0","0.023","0.028","0.049","0.016","0.097","0.044","1620797078"
"0.0","0.0","0.106","0","0","0","0.023","0.028","0.049","0.016","0.097","0.044","1620797078"
"0.0","0.0","0.106","0","0","0","0.024","0.012","0.054","0.015","0.106","0.043","1620797018"
"0.0","0.0","0.106","0","0","0","0.032","0.028","0.046","0.015","0.082","0.04","1620796957"
"0.0","0.0","0.106","0","0","0","0.032","0.028","0.046","0.015","0.082","0.04","1620796957"
"0.0","0.0","0.106","0","0","0","0.023","0.027","0.047","0.016","0.079","0.043","1620796897"
"0.0","0.0","0.106","0","0","0","0.023","0.027","0.047","0.016","0.079","0.043","1620796897"
"0.0","0.0","0.106","0","0","0","0.023","0.02","0.052","0.016","0.107","0.044","1620796837"
"0.0","0.0","0.106","0","0","0","0.023","0.02","0.052","0.016","0.107","0.044","1620796837"
"0.0","0.0","0.106","0","0","0","0.031","0.012","0.049","0.015","0.123","0.04","1620796777"
"0.0","0.0","0.106","0","0","0","0.031","0.012","0.049","0.015","0.123","0.04","1620796777"
"0.0","0.0","0.106","0","0","0","0.024","0.031","0.048","0.023","0.118","0.04","1620796716"
"0.0","0.0","0.106","0","0","0","0.024","0.031","0.048","0.023","0.118","0.04","1620796716"
"0.0","0.0","0.106","0","0","0","0.024","0.012","0.053","0.026","0.102","0.038","1620796656"
"0.0","0.0","0.106","0","0","0","0.024","0.012","0.053","0.026","0.102","0.038","1620796656"
"0.0","0.0","0.106","0","0","0","0.025","0.03","0.058","0.013","0.089","0.031","1620796596"
"0.0","0.0","0.106","0","0","0","0.025","0.03","0.058","0.013","0.089","0.031","1620796596"
"0.0","0.0","0.106","0","0","0","0.03","0.03","0.045","0.018","0.153","0.058","1620796536"
"0.0","0.0","0.106","0","0","0","0.03","0.03","0.045","0.018","0.153","0.058","1620796536"
"0.0","0.0","0.106","0","0","0","0.024","0.028","0.052","0.014","0.095","0.037","1620796475"
"0.0","0.0","0.106","0","0","0","0.024","0.028","0.052","0.014","0.095","0.037","1620796475"
"0.0","0.0","0.106","0","0","0","0.021","0.022","0.054","0.013","0.112","0.042","1620796415"
"0.0","0.0","0.106","0","0","0","0.021","0.022","0.054","0.013","0.112","0.042","1620796415"
"0.0","0.0","0.106","0","0","0","0.023","0.028","0.046","0.013","0.104","0.036","1620796355"
"0.0","0.0","0.106","0","0","0","0.023","0.028","0.046","0.013","0.104","0.036","1620796355"
"0.0","0.0","0.106","0","0","0","0.023","0.022","0.051","0.027","0.08","0.029","1620796294"
"0.0","0.0","0.106","0","0","0","0.023","0.022","0.051","0.027","0.08","0.029","1620796294"
"0.0","0.0","0.125","0","0","0","0.023","0.014","0.055","0.014","0.156","0.037","1620796234"
"0.0","0.0","0.125","0","0","0","0.023","0.014","0.055","0.014","0.156","0.037","1620796234"
"0.0","0.0","0.106","0","0","0","0.023","0.03","0.046","0.016","0.121","0.041","1620796174"
"0.0","0.0","0.106","0","0","0","0.024","0.021","0.054","0.014","0.092","0.035","1620796114"
"0.0","0.0","0.106","0","0","0","0.024","0.021","0.054","0.014","0.092","0.035","1620796114"
"0.0","0.0","0.106","0","0","0","0.024","0.02","0.06","0.017","0.154","0.065","1620796053"
"0.0","0.0","0.106","0","0","0","0.024","0.02","0.06","0.017","0.154","0.065","1620796053"
"0.0","0.0","0.106","0","0","0","0.024","0.019","0.054","0.015","0.107","0.042","1620795993"
"0.0","0.0","0.106","0","0","0","0.024","0.019","0.054","0.015","0.107","0.042","1620795993"
"0.0","0.0","0.106","0","0","0","0.022","0.029","0.052","0.014","0.119","0.034","1620795933"
"0.0","0.0","0.106","0","0","0","0.022","0.029","0.052","0.014","0.119","0.034","1620795933"
"0.0","0.0","0.106","0","0","0","0.024","0.021","0.056","0.017","0.101","0.045","1620795872"
"0.0","0.0","0.106","0","0","0","0.024","0.021","0.056","0.017","0.101","0.045","1620795872"
"0.0","0.0","0.106","0","0","0","0.022","0.019","0.044","0.016","0.133","0.036","1620795812"
"0.0","0.0","0.106","0","0","0","0.022","0.019","0.044","0.016","0.133","0.036","1620795812"
"0.0","0.0","0.106","0","0","0","0.024","0.021","0.048","0.013","0.122","0.045","1620795752"
"0.0","0.0","0.106","0","0","0","0.024","0.021","0.048","0.013","0.122","0.045","1620795752"
"0.0","0.0","0.106","0","0","0","0.022","0.03","0.049","0.013","0.112","0.042","1620795692"
"0.0","0.0","0.106","0","0","0","0.022","0.03","0.049","0.013","0.112","0.042","1620795692"
"0.0","0.0","0.106","0","0","0","0.026","0.03","0.059","0.013","0.115","0.04","1620795631"
"0.0","0.0","0.106","0","0","0","0.026","0.03","0.059","0.013","0.115","0.04","1620795631"
"0.0","0.0","0.106","0","0","0","0.025","0.03","0.05","0.018","0.143","0.054","1620795571"
"0.0","0.0","0.106","0","0","0","0.025","0.03","0.05","0.018","0.143","0.054","1620795571"
"0.0","0.0","0.106","0","0","0","0.024","0.031","0.055","0.016","0.084","0.045","1620795511"
"0.0","0.0","0.106","0","0","0","0.024","0.031","0.055","0.016","0.084","0.045","1620795511"
"0.0","0.0","0.106","0","0","0","0.041","0.02","0.056","0.014","0.105","0.038","1620795451"
"0.0","0.0","0.106","0","0","0","0.041","0.02","0.056","0.014","0.105","0.038","1620795451"
"0.0","0.0","0.106","0","0","0","0.031","0.029","0.055","0.014","0.086","0.035","1620795390"
"0.0","0.0","0.106","0","0","0","0.031","0.029","0.055","0.014","0.086","0.035","1620795390"
"0.0","0.0","0.106","0","0","0","0.026","0.02","0.048","0.016","0.098","0.039","1620795330"
"0.0","0.0","0.106","0","0","0","0.026","0.02","0.048","0.016","0.098","0.039","1620795330"
"0.0","0.0","0.106","0","0","0","0.026","0.028","0.049","0.016","0.11","0.043","1620795270"
"0.0","0.0","0.106","0","0","0","0.026","0.028","0.049","0.016","0.11","0.043","1620795270"
"0.0","0.0","0.106","0","0","0","0.022","0.031","0.049","0.013","0.115","0.044","1620795210"
"0.0","0.0","0.106","0","0","0","0.022","0.031","0.049","0.013","0.115","0.044","1620795210"
"0.0","0.0","0.106","0","0","0","0.033","0.011","0.053","0.012","0.085","0.038","1620795149"
"0.0","0.0","0.106","0","0","0","0.033","0.011","0.053","0.012","0.085","0.038","1620795149"
"0.0","0.0","0.106","0","0","0","0.023","0.021","0.057","0.012","0.123","0.039","1620795089"
"0.0","0.0","0.106","0","0","0","0.023","0.03","0.049","0.012","0.099","0.036","1620795029"
"0.0","0.0","0.106","0","0","0","0.023","0.03","0.049","0.012","0.099","0.036","1620795029"
"0.0","0.0","0.106","0","0","0","0.025","0.03","0.045","0.018","0.116","0.044","1620794969"
"0.0","0.0","0.106","0","0","0","0.025","0.03","0.045","0.018","0.116","0.044","1620794969"
"0.0","0.0","0.106","0","0","0","0.028","0.012","0.057","0.014","0.116","0.037","1620794908"
"0.0","0.0","0.106","0","0","0","0.028","0.012","0.057","0.014","0.116","0.037","1620794908"
"0.0","0.0","0.106","0","0","0","0.023","0.029","0.052","0.015","0.104","0.041","1620794848"
"0.0","0.0","0.106","0","0","0","0.023","0.029","0.052","0.015","0.104","0.041","1620794848"
"0.0","0.0","0.106","0","0","0","0.024","0.012","0.048","0.02","0.177","0.069","1620794788"
"0.0","0.0","0.106","0","0","0","0.021","0.022","0.054","0.016","0.098","0.043","1620794728"
"0.0","0.0","0.106","0","0","0","0.021","0.022","0.054","0.016","0.098","0.043","1620794728"
"0.0","0.0","0.125","0","0","0","0.025","0.019","0.049","0.015","0.126","0.045","1620794667"
"0.0","0.0","0.106","0","0","0","0.025","0.022","0.045","0.014","0.103","0.043","1620794607"
"0.0","0.0","0.106","0","0","0","0.025","0.02","0.056","0.017","0.1","0.044","1620794547"
"0.0","0.0","0.106","0","0","0","0.025","0.02","0.056","0.017","0.1","0.044","1620794547"
"0.0","0.0","0.106","0","0","0","0.024","0.03","0.05","0.016","0.106","0.041","1620794486"
"0.0","0.0","0.106","0","0","0","0.021","0.029","0.058","0.014","0.112","0.056","1620794426"
"0.0","0.0","0.106","0","0","0","0.026","0.013","0.058","0.016","0.105","0.045","1620794366"
"0.0","0.0","0.106","0","0","0","0.025","0.019","0.043","0.026","0.108","0.04","1620794306"
"0.0","0.0","0.106","0","0","0","0.025","0.019","0.043","0.026","0.108","0.04","1620794306"
"0.0","0.0","0.106","0","0","0","0.024","0.012","0.049","0.019","0.188","0.071","1620794245"
"0.0","0.0","0.106","0","0","0","0.024","0.012","0.049","0.019","0.188","0.071","1620794245"
"0.0","0.0","0.106","0","0","0","0.024","0.02","0.052","0.017","0.096","0.043","1620794185"
"0.0","0.0","0.106","0","0","0","0.023","0.03","0.045","0.015","0.108","0.041","1620794125"
"0.0","0.0","0.106","0","0","0","0.023","0.03","0.045","0.015","0.108","0.041","1620794125"
"0.0","0.0","0.106","0","0","0","0.025","0.021","0.051","0.017","0.106","0.044","1620794065"
"0.0","0.0","0.106","0","0","0","0.023","0.011","0.051","0.03","0.115","0.043","1620794004"
"0.0","0.0","0.106","0","0","0","0.023","0.011","0.051","0.03","0.115","0.043","1620794004"
"0.0","0.0","0.106","0","0","0","0.03","0.028","0.053","0.013","0.107","0.041","1620793944"
"0.0","0.0","0.106","0","0","0","0.025","0.021","0.051","0.014","0.11","0.04","1620793884"
"0.0","0.0","0.125","0","0","0","0.03","0.029","0.048","0.016","0.13","0.053","1620793823"
"0.0","0.0","0.106","0","0","0","0.023","0.021","0.055","0.016","0.141","0.044","1620793763"
"0.0","0.0","0.106","0","0","0","0.02","0.019","0.048","0.016","0.136","0.046","1620793703"
"0.0","0.0","0.106","0","0","0","0.023","0.014","0.05","0.017","0.115","0.052","1620793642"
"0.0","0.0","0.106","0","0","0","0.024","0.028","0.05","0.014","0.097","0.045","1620793582"
"0.0","0.0","0.106","0","0","0","0.023","0.014","0.052","0.015","0.138","0.047","1620793522"
"0.0","0.0","0.106","0","0","0","0.028","0.013","0.05","0.013","0.112","0.038","1620793462"
"0.0","0.0","0.125","0","0","0","0.024","0.021","0.056","0.014","0.122","0.049","1620793401"
"0.0","0.0","0.106","0","0","0","0.03","0.028","0.057","0.014","0.105","0.039","1620793341"
"0.0","0.0","0.106","0","0","0","0.024","0.019","0.053","0.013","0.094","0.04","1620793281"
"0.0","0.0","0.106","0","0","0","0.024","0.012","0.048","0.013","0.114","0.041","1620793220"
"0.0","0.0","0.106","0","0","0","0.031","0.03","0.051","0.013","0.122","0.04","1620793160"
"0.0","0.0","0.106","0","0","0","0.021","0.022","0.056","0.013","0.111","0.04","1620793100"
"0.0","0.0","0.106","0","0","0","0.024","0.02","0.049","0.016","0.111","0.046","1620793040"
"0.0","0.0","0.106","0","0","0","0.025","0.021","0.057","0.014","0.101","0.038","1620792980"
"0.0","0.0","0.125","0","0","0","0.022","0.03","0.051","0.013","0.104","0.041","1620792919"
"0.0","0.0","0.106","0","0","0","0.021","0.02","0.048","0.013","0.119","0.045","1620792859"
"0.0","0.0","0.106","0","0","0","0.025","0.031","0.05","0.017","0.098","0.033","1620792799"
"0.0","0.0","0.106","0","0","0","0.024","0.02","0.048","0.013","0.113","0.044","1620792739"
"0.0","0.0","0.106","0","0","0","0.021","0.029","0.054","0.025","0.106","0.04","1620792678"
"0.0","0.0","0.106","0","0","0","0.024","0.028","0.055","0.015","0.112","0.033","1620792618"
"0.0","0.0","0.125","0","0","0","0.026","0.022","0.058","0.015","0.102","0.043","1620792558"
"0.0","0.0","0.106","0","0","0","0.028","0.029","0.048","0.013","0.096","0.05","1620792497"
"0.0","0.0","0.106","0","0","0","0.022","0.018","0.052","0.013","0.112","0.032","1620792437"
"0.0","0.0","0.106","0","0","0","0.021","0.021","0.051","0.016","0.109","0.045","1620792377"
"0.0","0.0","0.106","0","0","0","0.024","0.02","0.048","0.013","0.14","0.038","1620792317"
"0.0","0.0","0.106","0","0","0","0.024","0.011","0.048","0.012","0.125","0.042","1620792256"
"0.0","0.0","0.106","0","0","0","0.03","0.022","0.051","0.012","0.119","0.041","1620792196"
"0.0","0.0","0.125","0","0","0","0.023","0.023","0.055","0.015","0.105","0.041","1620792136"
"0.0","0.0","0.106","0","0","0","0.027","0.016","0.047","0.011","0.088","0.031","1620792076"
"0.0","0.0","0.106","0","0","0","0.027","0.016","0.047","0.011","0.088","0.031","1620792076"
"0.0","0.0","0.106","0","0","0","0.024","0.029","0.057","0.013","0.114","0.044","1620792015"
"0.0","0.0","0.106","0","0","0","0.023","0.022","0.049","0.012","0.082","0.031","1620791955"
"0.0","0.0","0.106","0","0","0","0.023","0.022","0.049","0.012","0.082","0.031","1620791955"
"0.0","0.0","0.106","0","0","0","0.031","0.029","0.056","0.013","0.095","0.035","1620791895"
"0.0","0.0","0.106","0","0","0","0.031","0.029","0.056","0.013","0.095","0.035","1620791895"
"0.0","0.0","0.106","0","0","0","0.029","0.028","0.05","0.014","0.11","0.043","1620791834"
"0.0","0.0","0.106","0","0","0","0.027","0.022","0.058","0.014","0.113","0.043","1620791774"
"0.0","0.0","0.106","0","0","0","0.027","0.022","0.058","0.014","0.113","0.043","1620791774"
"0.0","0.0","0.106","0","0","0","0.031","0.02","0.051","0.012","0.083","0.037","1620791714"
"0.0","0.0","0.106","0","0","0","0.031","0.02","0.051","0.012","0.083","0.037","1620791714"
"0.0","0.0","0.106","0","0","0","0.024","0.029","0.05","0.015","0.093","0.046","1620791653"
"0.0","0.0","0.106","0","0","0","0.024","0.029","0.05","0.015","0.093","0.046","1620791653"
"0.0","0.0","0.125","0","0","0","0.028","0.03","0.042","0.014","0.113","0.043","1620791593"
"0.0","0.0","0.125","0","0","0","0.028","0.03","0.042","0.014","0.113","0.043","1620791593"
"0.0","0.0","0.125","0","0","0","0.022","0.02","0.055","0.015","0.086","0.042","1620791533"
"0.0","0.0","0.106","0","0","0","0.021","0.03","0.06","0.012","0.097","0.034","1620791473"
"0.0","0.0","0.125","0","0","0","0.024","0.021","0.059","0.013","0.109","0.046","1620791413"
"0.0","0.0","0.125","0","0","0","0.024","0.021","0.059","0.013","0.109","0.046","1620791413"
"0.0","0.0","0.106","0","0","0","0.022","0.03","0.049","0.021","0.103","0.037","1620791352"
"0.0","0.0","0.106","0","0","0","0.022","0.03","0.049","0.021","0.103","0.037","1620791352"
"0.0","0.0","0.106","0","0","0","0.022","0.03","0.051","0.015","0.082","0.038","1620791292"
"0.0","0.0","0.106","0","0","0","0.022","0.03","0.051","0.015","0.082","0.038","1620791292"
"0.0","0.0","0.106","0","0","0","0.027","0.028","0.058","0.015","0.124","0.04","1620791232"
"0.0","0.0","0.106","0","0","0","0.027","0.028","0.058","0.015","0.124","0.04","1620791232"
"0.0","0.0","0.106","0","0","0","0.024","0.021","0.05","0.015","0.103","0.035","1620791172"
"0.0","0.0","0.106","0","0","0","0.024","0.021","0.05","0.015","0.103","0.035","1620791172"
"0.0","0.0","0.106","0","0","0","0.026","0.027","0.052","0.018","0.145","0.039","1620791111"
"0.0","0.0","0.106","0","0","0","0.026","0.027","0.052","0.018","0.145","0.039","1620791111"
"0.0","0.0","0.106","0","0","0","0.021","0.012","0.057","0.016","0.117","0.044","1620791051"
"0.0","0.0","0.106","0","0","0","0.023","0.021","0.046","0.013","0.076","0.039","1620790991"
"0.0","0.0","0.106","0","0","0","0.023","0.021","0.046","0.013","0.076","0.039","1620790991"
"0.0","0.0","0.106","0","0","0","0.026","0.021","0.059","0.017","0.113","0.045","1620790931"
"0.0","0.0","0.106","0","0","0","0.026","0.021","0.059","0.017","0.113","0.045","1620790931"
"0.0","0.0","0.106","0","0","0","0.022","0.019","0.053","0.016","0.106","0.042","1620790870"
"0.0","0.0","0.106","0","0","0","0.022","0.019","0.053","0.016","0.106","0.042","1620790870"
"0.0","0.0","0.125","0","0","0","0.023","0.03","0.053","0.016","0.113","0.042","1620790810"
"0.0","0.0","0.125","0","0","0","0.023","0.03","0.053","0.016","0.113","0.042","1620790810"
"0.0","0.0","0.106","0","0","0","0.026","0.019","0.046","0.013","0.09","0.036","1620790749"
"0.0","0.0","0.106","0","0","0","0.026","0.019","0.046","0.013","0.09","0.036","1620790749"
"0.0","0.0","0.106","0","0","0","0.025","0.03","0.049","0.012","0.112","0.043","1620790689"
"0.0","0.0","0.106","0","0","0","0.025","0.03","0.049","0.012","0.112","0.043","1620790689"
"0.0","0.0","0.106","0","0","0","0.022","0.031","0.051","0.017","0.133","0.044","1620790628"
"0.0","0.0","0.106","0","0","0","0.025","0.03","0.054","0.014","0.098","0.035","1620790568"
"0.0","0.0","0.106","0","0","0","0.025","0.03","0.054","0.014","0.098","0.035","1620790568"
"0.0","0.0","0.106","0","0","0","0.022","0.02","0.052","0.014","0.111","0.042","1620790507"
"0.0","0.0","0.106","0","0","0","0.022","0.02","0.052","0.014","0.111","0.042","1620790507"
"0.0","0.0","0.106","0","0","0","0.023","0.03","0.047","0.014","0.08","0.034","1620790447"
"0.0","0.0","0.106","0","0","0","0.023","0.03","0.047","0.014","0.08","0.034","1620790447"
"0.0","0.0","0.106","0","0","0","0.024","0.022","0.049","0.013","0.079","0.042","1620790386"
"0.0","0.0","0.106","0","0","0","0.024","0.022","0.049","0.013","0.079","0.042","1620790386"
"0.0","0.0","0.106","0","0","0","0.025","0.013","0.057","0.014","0.108","0.04","1620790326"
"0.0","0.0","0.106","0","0","0","0.025","0.013","0.057","0.014","0.108","0.04","1620790326"
"0.0","0.0","0.106","0","0","0","0.029","0.028","0.05","0.012","0.107","0.049","1620790266"
"0.0","0.0","0.106","0","0","0","0.029","0.028","0.05","0.012","0.107","0.049","1620790266"
"0.0","0.0","0.106","0","0","0","0.027","0.022","0.047","0.027","0.101","0.041","1620790205"
"0.0","0.0","0.106","0","0","0","0.027","0.022","0.047","0.027","0.101","0.041","1620790205"
"0.0","0.0","0.106","0","0","0","0.024","0.027","0.047","0.012","0.088","0.034","1620790145"
"0.0","0.0","0.106","0","0","0","0.024","0.027","0.047","0.012","0.088","0.034","1620790145"
"0.0","0.0","0.106","0","0","0","0.026","0.013","0.049","0.012","0.105","0.039","1620790084"
"0.0","0.0","0.106","0","0","0","0.026","0.013","0.049","0.012","0.105","0.039","1620790084"
"0.0","0.0","0.106","0","0","0","0.03","0.021","0.044","0.014","0.122","0.04","1620790024"
"0.0","0.0","0.106","0","0","0","0.03","0.021","0.044","0.014","0.122","0.04","1620790024"
"0.0","0.0","0.106","0","0","0","0.023","0.028","0.052","0.016","0.07","0.032","1620789963"
"0.0","0.0","0.106","0","0","0","0.023","0.028","0.052","0.016","0.07","0.032","1620789963"
"0.0","0.0","0.106","0","0","0","0.024","0.012","0.045","0.013","0.111","0.039","1620789903"
"0.0","0.0","0.106","0","0","0","0.024","0.012","0.045","0.013","0.111","0.039","1620789903"
"0.0","0.0","0.106","0","0","0","0.025","0.022","0.051","0.015","0.127","0.044","1620789842"
"0.0","0.0","0.106","0","0","0","0.025","0.022","0.051","0.015","0.127","0.044","1620789842"
"0.0","0.0","0.106","0","0","0","0.024","0.018","0.05","0.013","0.106","0.036","1620789782"
"0.0","0.0","0.106","0","0","0","0.024","0.018","0.05","0.013","0.106","0.036","1620789782"
"0.0","0.0","0.125","0","0","0","0.026","0.028","0.054","0.011","0.086","0.042","1620789722"
"0.0","0.0","0.125","0","0","0","0.026","0.028","0.054","0.011","0.086","0.042","1620789722"
"0.0","0.0","0.106","0","0","0","0.026","0.018","0.054","0.02","0.101","0.039","1620789661"
"0.0","0.0","0.106","0","0","0","0.026","0.018","0.054","0.02","0.101","0.039","1620789661"
"0.0","0.0","0.106","0","0","0","0.02","0.012","0.053","0.013","0.106","0.032","1620789601"
"0.0","0.0","0.106","0","0","0","0.02","0.012","0.053","0.013","0.106","0.032","1620789601"
"0.0","0.0","0.106","0","0","0","0.021","0.019","0.053","0.011","0.11","0.03","1620789540"
"0.0","0.0","0.106","0","0","0","0.021","0.019","0.053","0.011","0.11","0.03","1620789540"
"0.0","0.0","0.106","0","0","0","0.024","0.012","0.044","0.014","0.101","0.038","1620789480"
"0.0","0.0","0.106","0","0","0","0.027","0.03","0.049","0.012","0.098","0.034","1620789420"
"0.0","0.0","0.106","0","0","0","0.027","0.03","0.049","0.012","0.098","0.034","1620789420"
"0.0","0.0","0.106","0","0","0","0.024","0.026","0.058","0.015","0.085","0.033","1620789360"
"0.0","0.0","0.106","0","0","0","0.024","0.026","0.058","0.015","0.085","0.033","1620789360"
"0.0","0.0","0.106","0","0","0","0.023","0.029","0.047","0.013","0.117","0.041","1620789299"
"0.0","0.0","0.106","0","0","0","0.023","0.029","0.047","0.013","0.117","0.041","1620789299"
"0.0","0.0","0.106","0","0","0","0.025","0.03","0.051","0.014","0.118","0.053","1620789239"
"0.0","0.0","0.125","0","0","0","0.028","0.031","0.048","0.013","0.086","0.03","1620789179"
"0.0","0.0","0.125","0","0","0","0.028","0.031","0.048","0.013","0.086","0.03","1620789179"
"0.0","0.0","0.106","0","0","0","0.02","0.019","0.046","0.012","0.082","0.052","1620789119"
"0.0","0.0","0.106","0","0","0","0.02","0.019","0.046","0.012","0.082","0.052","1620789119"
"0.0","0.0","0.106","0","0","0","0.026","0.031","0.05","0.025","0.117","0.04","1620789059"
"0.0","0.0","0.106","0","0","0","0.026","0.031","0.05","0.025","0.117","0.04","1620789059"
"0.0","0.0","0.106","0","0","0","0.024","0.028","0.054","0.013","0.11","0.041","1620788998"
"0.0","0.0","0.106","0","0","0","0.024","0.028","0.054","0.013","0.11","0.041","1620788998"
"0.0","0.0","0.106","0","0","0","0.024","0.02","0.052","0.012","0.102","0.037","1620788938"
"0.0","0.0","0.106","0","0","0","0.024","0.02","0.052","0.012","0.102","0.037","1620788938"
"0.0","0.0","0.106","0","0","0","0.023","0.018","0.044","0.016","0.098","0.031","1620788878"
"0.0","0.0","0.106","0","0","0","0.023","0.018","0.044","0.016","0.098","0.031","1620788878"
"0.0","0.0","0.106","0","0","0","0.024","0.019","0.049","0.015","0.111","0.041","1620788817"
"0.0","0.0","0.106","0","0","0","0.024","0.019","0.049","0.015","0.111","0.041","1620788817"
"0.0","0.0","0.106","0","0","0","0.023","0.03","0.044","0.019","0.116","0.036","1620788757"
"0.0","0.0","0.106","0","0","0","0.023","0.03","0.044","0.019","0.116","0.036","1620788757"
"0.0","0.0","0.106","0","0","0","0.02","0.011","0.048","0.013","0.125","0.046","1620788697"
"0.0","0.0","0.106","0","0","0","0.022","0.013","0.053","0.013","0.088","0.037","1620788636"
"0.0","0.0","0.106","0","0","0","0.022","0.013","0.053","0.013","0.088","0.037","1620788636"
"0.0","0.0","0.106","0","0","0","0.025","0.023","0.046","0.011","0.086","0.04","1620788576"
"0.0","0.0","0.106","0","0","0","0.025","0.023","0.046","0.011","0.086","0.04","1620788576"
"0.0","0.0","0.106","0","0","0","0.023","0.021","0.049","0.013","0.101","0.04","1620788516"
"0.0","0.0","0.106","0","0","0","0.023","0.021","0.049","0.013","0.101","0.04","1620788516"
"0.0","0.0","0.106","0","0","0","0.025","0.029","0.053","0.013","0.102","0.042","1620788456"
"0.0","0.0","0.106","0","0","0","0.026","0.021","0.055","0.012","0.109","0.035","1620788395"
"0.0","0.0","0.106","0","0","0","0.026","0.021","0.055","0.012","0.109","0.035","1620788395"
"0.0","0.0","0.106","0","0","0","0.032","0.011","0.061","0.017","0.112","0.043","1620788335"
"0.0","0.0","0.106","0","0","0","0.03","0.02","0.05","0.014","0.106","0.037","1620788275"
"0.0","0.0","0.106","0","0","0","0.024","0.027","0.052","0.014","0.104","0.041","1620788215"
"0.0","0.0","0.106","0","0","0","0.024","0.027","0.052","0.014","0.104","0.041","1620788215"
"0.0","0.0","0.106","0","0","0","0.022","0.028","0.052","0.014","0.112","0.04","1620788154"
"0.0","0.0","0.106","0","0","0","0.022","0.028","0.052","0.014","0.112","0.04","1620788154"
"0.0","0.0","0.106","0","0","0","0.027","0.019","0.049","0.013","0.112","0.049","1620788094"
"0.0","0.0","0.106","0","0","0","0.027","0.019","0.049","0.013","0.112","0.049","1620788094"
"0.0","0.0","0.106","0","0","0","0.026","0.018","0.051","0.015","0.1","0.031","1620788034"
"0.0","0.0","0.106","0","0","0","0.026","0.018","0.051","0.015","0.1","0.031","1620788034"
"0.0","0.0","0.106","0","0","0","0.024","0.012","0.048","0.015","0.1","0.048","1620787973"
"0.0","0.0","0.106","0","0","0","0.022","0.02","0.048","0.013","0.116","0.043","1620787913"
"0.0","0.0","0.106","0","0","0","0.022","0.02","0.048","0.013","0.116","0.043","1620787913"
"0.0","0.0","0.106","0","0","0","0.024","0.022","0.052","0.013","0.122","0.035","1620787853"
"0.0","0.0","0.106","0","0","0","0.024","0.022","0.052","0.013","0.122","0.035","1620787853"
"0.0","0.0","0.106","0","0","0","0.021","0.021","0.043","0.013","0.102","0.049","1620787793"
"0.0","0.0","0.106","0","0","0","0.021","0.021","0.043","0.013","0.102","0.049","1620787793"
"0.0","0.0","0.106","0","0","0","0.021","0.011","0.055","0.015","0.086","0.035","1620787732"
"0.0","0.0","0.106","0","0","0","0.021","0.011","0.055","0.015","0.086","0.035","1620787732"
"0.0","0.0","0.106","0","0","0","0.028","0.02","0.053","0.014","0.11","0.039","1620787672"
"0.0","0.0","0.106","0","0","0","0.028","0.02","0.053","0.014","0.11","0.039","1620787672"
"0.0","0.0","0.106","0","0","0","0.022","0.03","0.049","0.014","0.18","0.041","1620787612"
"0.0","0.0","0.106","0","0","0","0.022","0.03","0.049","0.014","0.18","0.041","1620787612"
"0.0","0.0","0.106","0","0","0","0.025","0.02","0.051","0.013","0.104","0.059","1620787552"
"0.0","0.0","0.106","0","0","0","0.025","0.02","0.051","0.013","0.104","0.059","1620787552"
"0.0","0.0","0.106","0","0","0","0.025","0.018","0.055","0.014","0.101","0.045","1620787491"
"0.0","0.0","0.106","0","0","0","0.025","0.018","0.055","0.014","0.101","0.045","1620787491"
"0.0","0.0","0.106","0","0","0","0.024","0.027","0.057","0.013","0.1","0.037","1620787431"
"0.0","0.0","0.106","0","0","0","0.024","0.027","0.057","0.013","0.1","0.037","1620787431"
"0.0","0.0","0.106","0","0","0","0.024","0.028","0.05","0.015","0.113","0.041","1620787371"
"0.0","0.0","0.106","0","0","0","0.024","0.028","0.05","0.015","0.113","0.041","1620787371"
"0.0","0.0","0.106","0","0","0","0.024","0.011","0.052","0.013","0.113","0.042","1620787311"
"0.0","0.0","0.106","0","0","0","0.024","0.011","0.052","0.013","0.113","0.042","1620787311"
"0.0","0.0","0.106","0","0","0","0.025","0.029","0.054","0.016","0.119","0.044","1620787250"
"0.0","0.0","0.106","0","0","0","0.025","0.029","0.054","0.016","0.119","0.044","1620787250"
"0.0","0.0","0.106","0","0","0","0.025","0.029","0.049","0.015","0.117","0.043","1620787190"
"0.0","0.0","0.106","0","0","0","0.025","0.029","0.049","0.015","0.117","0.043","1620787190"
"0.0","0.0","0.106","0","0","0","0.024","0.03","0.045","0.015","0.118","0.042","1620787130"
"0.0","0.0","0.106","0","0","0","0.024","0.03","0.045","0.015","0.118","0.042","1620787130"
"0.0","0.0","0.106","0","0","0","0.024","0.029","0.043","0.015","0.108","0.041","1620787069"
"0.0","0.0","0.106","0","0","0","0.024","0.029","0.043","0.015","0.108","0.041","1620787069"
"0.0","0.0","0.106","0","0","0","0.024","0.016","0.051","0.016","0.091","0.04","1620787009"
"0.0","0.0","0.106","0","0","0","0.024","0.016","0.051","0.016","0.091","0.04","1620787009"
"0.0","0.0","0.106","0","0","0","0.023","0.013","0.052","0.016","0.144","0.051","1620786949"
"0.0","0.0","0.106","0","0","0","0.025","0.022","0.05","0.014","0.115","0.04","1620786889"
"0.0","0.0","0.106","0","0","0","0.025","0.022","0.05","0.014","0.115","0.04","1620786889"
"0.0","0.0","0.106","0","0","0","0.027","0.019","0.049","0.013","0.101","0.04","1620786828"
"0.0","0.0","0.106","0","0","0","0.027","0.025","0.052","0.013","0.094","0.035","1620786768"
"0.0","0.0","0.106","0","0","0","0.025","0.03","0.052","0.019","0.131","0.06","1620786708"
"0.0","0.0","0.106","0","0","0","0.024","0.021","0.047","0.015","0.106","0.044","1620786648"
"0.0","0.0","0.125","0","0","0","0.024","0.021","0.042","0.013","0.107","0.047","1620786588"
"0.0","0.0","0.106","0","0","0","0.025","0.022","0.047","0.013","0.115","0.046","1620786527"
"0.0","0.0","0.106","0","0","0","0.025","0.022","0.047","0.013","0.115","0.046","1620786527"
"0.0","0.0","0.106","0","0","0","0.022","0.02","0.045","0.027","0.106","0.043","1620786467"
"0.0","0.0","0.125","0","0","0","0.023","0.022","0.051","0.018","0.105","0.063","1620786407"
"0.0","0.0","0.106","0","0","0","0.023","0.012","0.046","0.016","0.112","0.043","1620786346"
"0.0","0.0","0.106","0","0","0","0.023","0.02","0.048","0.014","0.111","0.041","1620786286"
"0.0","0.0","0.106","0","0","0","0.023","0.02","0.048","0.014","0.111","0.041","1620786286"
"0.0","0.0","0.106","0","0","0","0.025","0.022","0.052","0.027","0.096","0.04","1620786226"
"0.0","0.0","0.106","0","0","0","0.022","0.03","0.05","0.016","0.118","0.048","1620786166"
"0.0","0.0","0.106","0","0","0","0.022","0.03","0.05","0.016","0.118","0.048","1620786166"
"0.0","0.0","0.106","0","0","0","0.023","0.019","0.048","0.015","0.115","0.047","1620786105"
"0.0","0.0","0.106","0","0","0","0.021","0.019","0.052","0.012","0.108","0.04","1620786045"
"0.0","0.0","0.106","0","0","0","0.021","0.019","0.052","0.012","0.108","0.04","1620786045"
"0.0","0.0","0.106","0","0","0","0.023","0.03","0.047","0.015","0.102","0.039","1620785985"
"0.0","0.0","0.106","0","0","0","0.023","0.03","0.047","0.015","0.102","0.039","1620785985"
"0.0","0.0","0.106","0","0","0","0.023","0.021","0.045","0.021","0.132","0.054","1620785925"
"0.0","0.0","0.106","0","0","0","0.023","0.021","0.045","0.021","0.132","0.054","1620785925"
"0.0","0.0","0.106","0","0","0","0.026","0.03","0.053","0.013","0.108","0.038","1620785864"
"0.0","0.0","0.106","0","0","0","0.026","0.03","0.053","0.013","0.108","0.038","1620785864"
"0.0","0.0","0.106","0","0","0","0.028","0.019","0.05","0.013","0.111","0.042","1620785804"
"0.0","0.0","0.106","0","0","0","0.028","0.019","0.05","0.013","0.111","0.042","1620785804"
"0.0","0.0","0.106","0","0","0","0.023","0.019","0.049","0.015","0.096","0.047","1620785744"
"0.0","0.0","0.125","0","0","0","0.025","0.021","0.046","0.013","0.108","0.04","1620785684"
"0.0","0.0","0.125","0","0","0","0.025","0.021","0.046","0.013","0.108","0.04","1620785684"
"0.0","0.0","0.106","0","0","0","0.023","0.021","0.049","0.017","0.102","0.044","1620785623"
"0.0","0.0","0.106","0","0","0","0.023","0.03","0.046","0.013","0.108","0.048","1620785563"
"0.0","0.0","0.106","0","0","0","0.023","0.03","0.046","0.013","0.108","0.048","1620785563"
"0.0","0.0","0.106","0","0","0","0.023","0.026","0.046","0.013","0.112","0.039","1620785503"
"0.0","0.0","0.106","0","0","0","0.026","0.011","0.045","0.014","0.108","0.044","1620785442"
"0.0","0.0","0.106","0","0","0","0.026","0.011","0.045","0.014","0.108","0.044","1620785442"
"0.0","0.0","0.106","0","0","0","0.024","0.029","0.05","0.029","0.105","0.044","1620785382"
"0.0","0.0","0.106","0","0","0","0.022","0.026","0.048","0.014","0.116","0.033","1620785322"
"0.0","0.0","0.106","0","0","0","0.023","0.029","0.047","0.012","0.107","0.038","1620785261"
"0.0","0.0","0.106","0","0","0","0.023","0.021","0.051","0.016","0.109","0.045","1620785201"
"0.0","0.0","0.106","0","0","0","0.024","0.021","0.054","0.014","0.116","0.059","1620785141"
"0.0","0.0","0.106","0","0","0","0.022","0.031","0.054","0.014","0.11","0.039","1620785081"
"0.0","0.0","0.125","0","0","0","0.022","0.03","0.048","0.014","0.107","0.046","1620785020"
"0.0","0.0","0.106","0","0","0","0.022","0.022","0.046","0.014","0.109","0.031","1620784960"
"0.0","0.0","0.106","0","0","0","0.022","0.03","0.051","0.026","0.103","0.04","1620784900"
"0.0","0.0","0.125","0","0","0","0.024","0.021","0.047","0.014","0.112","0.041","1620784840"
"0.0","0.0","0.106","0","0","0","0.029","0.012","0.051","0.015","0.117","0.045","1620784779"
"0.0","0.0","0.106","0","0","0","0.024","0.012","0.048","0.017","0.184","0.069","1620784719"
"0.0","0.0","0.106","0","0","0","0.023","0.029","0.05","0.013","0.09","0.034","1620784659"
"0.0","0.0","0.106","0","0","0","0.025","0.012","0.046","0.029","0.152","0.064","1620784599"
"0.0","0.0","0.106","0","0","0","0.026","0.03","0.05","0.013","0.114","0.04","1620784538"
"0.0","0.0","0.106","0","0","0","0.026","0.012","0.055","0.014","0.1","0.04","1620784478"
"0.0","0.0","0.106","0","0","0","0.026","0.03","0.055","0.02","0.088","0.032","1620784417"
"0.0","0.0","0.106","0","0","0","0.026","0.021","0.062","0.013","0.092","0.035","1620784357"
"0.0","0.0","0.106","0","0","0","0.024","0.023","0.055","0.023","0.081","0.035","1620784297"
"0.0","0.0","0.125","0","0","0","0.023","0.019","0.049","0.013","0.068","0.034","1620784237"
"0.0","0.0","0.106","0","0","0","0.022","0.029","0.053","0.018","0.114","0.04","1620784176"
"0.0","0.0","0.106","0","0","0","0.026","0.027","0.051","0.013","0.113","0.042","1620784116"
"0.0","0.0","0.125","0","0","0","0.022","0.029","0.049","0.017","0.147","0.037","1620784056"
"0.0","0.0","0.106","0","0","0","0.024","0.021","0.05","0.011","0.115","0.032","1620783996"
"0.0","0.0","0.106","0","0","0","0.023","0.02","0.047","0.014","0.108","0.047","1620783936"
"0.0","0.0","0.106","0","0","0","0.025","0.02","0.049","0.014","0.087","0.031","1620783875"
"0.0","0.0","0.106","0","0","0","0.025","0.02","0.049","0.014","0.087","0.031","1620783875"
"0.0","0.0","0.106","0","0","0","0.025","0.013","0.058","0.013","0.108","0.036","1620783815"
"0.0","0.0","0.106","0","0","0","0.025","0.013","0.058","0.013","0.108","0.036","1620783815"
"0.0","0.0","0.106","0","0","0","0.027","0.03","0.05","0.013","0.116","0.043","1620783754"
"0.0","0.0","0.106","0","0","0","0.027","0.03","0.05","0.013","0.116","0.043","1620783754"
"0.0","0.0","0.106","0","0","0","0.025","0.027","0.052","0.014","0.112","0.032","1620783694"
"0.0","0.0","0.106","0","0","0","0.025","0.027","0.052","0.014","0.112","0.032","1620783694"
"0.0","0.0","0.106","0","0","0","0.025","0.023","0.053","0.015","0.109","0.044","1620783634"
"0.0","0.0","0.106","0","0","0","0.025","0.023","0.053","0.015","0.109","0.044","1620783634"
"0.0","0.0","0.106","0","0","0","0.026","0.013","0.047","0.013","0.125","0.05","1620783574"
"0.0","0.0","0.106","0","0","0","0.026","0.013","0.047","0.013","0.125","0.05","1620783574"
"0.0","0.0","0.106","0","0","0","0.022","0.021","0.047","0.015","0.112","0.037","1620783513"
"0.0","0.0","0.106","0","0","0","0.022","0.021","0.047","0.015","0.112","0.037","1620783513"
"0.0","0.0","0.106","0","0","0","0.023","0.018","0.049","0.016","0.102","0.043","1620783453"
"0.0","0.0","0.106","0","0","0","0.023","0.018","0.049","0.016","0.102","0.043","1620783453"
"0.0","0.0","0.106","0","0","0","0.021","0.03","0.051","0.014","0.087","0.036","1620783393"
"0.0","0.0","0.106","0","0","0","0.03","0.021","0.046","0.012","0.086","0.033","1620783333"
"0.0","0.0","0.106","0","0","0","0.03","0.021","0.046","0.012","0.086","0.033","1620783333"
"0.0","0.0","0.106","0","0","0","0.024","0.019","0.054","0.013","0.111","0.038","1620783272"
"0.0","0.0","0.106","0","0","0","0.024","0.019","0.054","0.013","0.111","0.038","1620783272"
"0.0","0.0","0.106","0","0","0","0.035","0.015","0.053","0.015","0.103","0.038","1620783212"
"0.0","0.0","0.106","0","0","0","0.035","0.015","0.053","0.015","0.103","0.038","1620783212"
"0.0","0.0","0.106","0","0","0","0.022","0.018","0.047","0.013","0.101","0.039","1620783152"
"0.0","0.0","0.106","0","0","0","0.022","0.018","0.047","0.013","0.101","0.039","1620783152"
"0.0","0.0","0.106","0","0","0","0.025","0.03","0.048","0.015","0.112","0.051","1620783092"
"0.0","0.0","0.106","0","0","0","0.025","0.03","0.048","0.015","0.112","0.051","1620783092"
"0.0","0.0","0.106","0","0","0","0.023","0.02","0.051","0.012","0.112","0.039","1620783031"
"0.0","0.0","0.106","0","0","0","0.023","0.02","0.051","0.012","0.112","0.039","1620783031"
"0.0","0.0","0.106","0","0","0","0.025","0.013","0.048","0.012","0.105","0.038","1620782971"
"0.0","0.0","0.106","0","0","0","0.025","0.013","0.048","0.012","0.105","0.038","1620782971"
"0.0","0.0","0.106","0","0","0","0.024","0.031","0.059","0.019","0.092","0.042","1620782911"
"0.0","0.0","0.106","0","0","0","0.024","0.031","0.059","0.019","0.092","0.042","1620782911"
"0.0","0.0","0.106","0","0","0","0.026","0.029","0.053","0.014","0.104","0.038","1620782850"
"0.0","0.0","0.106","0","0","0","0.026","0.029","0.053","0.014","0.104","0.038","1620782850"
"0.0","0.0","0.106","0","0","0","0.025","0.021","0.056","0.015","0.111","0.042","1620782790"
"0.0","0.0","0.106","0","0","0","0.025","0.021","0.056","0.015","0.111","0.042","1620782790"
"0.0","0.0","0.106","0","0","0","0.025","0.02","0.047","0.017","0.1","0.041","1620782730"
"0.0","0.0","0.106","0","0","0","0.025","0.02","0.047","0.017","0.1","0.041","1620782730"
"0.0","0.0","0.106","0","0","0","0.027","0.031","0.049","0.014","0.108","0.044","1620782670"
"0.0","0.0","0.106","0","0","0","0.027","0.022","0.051","0.012","0.108","0.042","1620782609"
"0.0","0.0","0.106","0","0","0","0.027","0.022","0.051","0.012","0.108","0.042","1620782609"
"0.0","0.0","0.106","0","0","0","0.025","0.02","0.047","0.013","0.123","0.044","1620782549"
"0.0","0.0","0.106","0","0","0","0.025","0.02","0.047","0.013","0.123","0.044","1620782549"
"0.0","0.0","0.106","0","0","0","0.024","0.031","0.051","0.014","0.101","0.037","1620782489"
"0.0","0.0","0.106","0","0","0","0.024","0.031","0.051","0.014","0.101","0.037","1620782489"
"0.0","0.0","0.125","0","0","0","0.025","0.011","0.049","0.016","0.114","0.039","1620782429"
"0.0","0.0","0.125","0","0","0","0.025","0.011","0.049","0.016","0.114","0.039","1620782429"
"0.0","0.0","0.106","0","0","0","0.025","0.021","0.049","0.014","0.103","0.048","1620782368"
"0.0","0.0","0.106","0","0","0","0.025","0.021","0.049","0.014","0.103","0.048","1620782368"
"0.0","0.0","0.106","0","0","0","0.025","0.025","0.051","0.02","0.17","0.043","1620782308"
"0.0","0.0","0.106","0","0","0","0.025","0.025","0.051","0.02","0.17","0.043","1620782308"
"0.0","0.0","0.106","0","0","0","0.022","0.02","0.062","0.01","0.101","0.035","1620782248"
"0.0","0.0","0.106","0","0","0","0.022","0.02","0.062","0.01","0.101","0.035","1620782248"
"0.0","0.0","0.106","0","0","0","0.025","0.029","0.052","0.015","0.148","0.042","1620782187"
"0.0","0.0","0.106","0","0","0","0.027","0.022","0.054","0.026","0.093","0.035","1620782127"
"0.0","0.0","0.106","0","0","0","0.027","0.022","0.054","0.026","0.093","0.035","1620782127"
"0.0","0.0","0.106","0","0","0","0.024","0.027","0.051","0.013","0.084","0.03","1620782067"
"0.0","0.0","0.106","0","0","0","0.024","0.027","0.051","0.013","0.084","0.03","1620782067"
"0.0","0.0","0.106","0","0","0","0.022","0.023","0.052","0.015","0.102","0.038","1620782007"
"0.0","0.0","0.106","0","0","0","0.022","0.023","0.052","0.015","0.102","0.038","1620782007"
"0.0","0.0","0.106","0","0","0","0.023","0.022","0.049","0.013","0.091","0.047","1620781946"
"0.0","0.0","0.106","0","0","0","0.023","0.022","0.049","0.013","0.091","0.047","1620781946"
"0.0","0.0","0.106","0","0","0","0.029","0.026","0.051","0.012","0.108","0.043","1620781886"
"0.0","0.0","0.106","0","0","0","0.024","0.02","0.051","0.014","0.088","0.035","1620781826"
"0.0","0.0","0.106","0","0","0","0.024","0.02","0.051","0.014","0.088","0.035","1620781826"
"0.0","0.0","0.125","0","0","0","0.026","0.022","0.046","0.014","0.109","0.039","1620781765"
"0.0","0.0","0.125","0","0","0","0.026","0.022","0.046","0.014","0.109","0.039","1620781765"
"0.0","0.0","0.106","0","0","0","0.021","0.03","0.055","0.014","0.109","0.039","1620781706"
"0.0","0.0","0.106","0","0","0","0.021","0.03","0.055","0.014","0.109","0.039","1620781706"
"0.0","0.0","0.106","0","0","0","0.024","0.021","0.053","0.019","0.168","0.054","1620781645"
"0.0","0.0","0.106","0","0","0","0.024","0.021","0.053","0.019","0.168","0.054","1620781645"
"0.0","0.0","0.106","0","0","0","0.023","0.023","0.047","0.017","0.106","0.043","1620781585"
"0.0","0.0","0.106","0","0","0","0.023","0.023","0.047","0.017","0.106","0.043","1620781585"
"0.0","0.0","0.106","0","0","0","0.021","0.022","0.057","0.014","0.114","0.042","1620781525"
"0.0","0.0","0.106","0","0","0","0.021","0.022","0.057","0.014","0.114","0.042","1620781525"
"0.0","0.0","0.106","0","0","0","0.026","0.027","0.047","0.014","0.132","0.049","1620781464"
"0.0","0.0","0.106","0","0","0","0.026","0.027","0.047","0.014","0.132","0.049","1620781464"
"0.0","0.0","0.106","0","0","0","0.021","0.011","0.052","0.014","0.117","0.042","1620781404"
"0.0","0.0","0.106","0","0","0","0.021","0.011","0.052","0.014","0.117","0.042","1620781404"
"0.0","0.0","0.125","0","0","0","0.025","0.021","0.048","0.013","0.085","0.044","1620781344"
"0.0","0.0","0.125","0","0","0","0.025","0.021","0.048","0.013","0.085","0.044","1620781344"
"0.0","0.0","0.106","0","0","0","0.027","0.021","0.049","0.014","0.107","0.039","1620781284"
"0.0","0.0","0.106","0","0","0","0.027","0.021","0.049","0.014","0.107","0.039","1620781284"
"0.0","0.0","0.106","0","0","0","0.021","0.029","0.048","0.014","0.1","0.041","1620781223"
"0.0","0.0","0.106","0","0","0","0.021","0.029","0.048","0.014","0.1","0.041","1620781223"
"0.0","0.0","0.106","0","0","0","0.028","0.021","0.049","0.015","0.114","0.039","1620781163"
"0.0","0.0","0.106","0","0","0","0.028","0.021","0.049","0.015","0.114","0.039","1620781163"
"0.0","0.0","0.106","0","0","0","0.029","0.03","0.049","0.014","0.103","0.039","1620781103"
"0.0","0.0","0.106","0","0","0","0.029","0.03","0.049","0.014","0.103","0.039","1620781103"
"0.0","0.0","0.106","0","0","0","0.026","0.021","0.051","0.015","0.082","0.04","1620781043"
"0.0","0.0","0.106","0","0","0","0.026","0.021","0.051","0.015","0.082","0.04","1620781043"
"0.0","0.0","0.106","0","0","0","0.03","0.018","0.055","0.011","0.106","0.039","1620780982"
"0.0","0.0","0.106","0","0","0","0.03","0.018","0.055","0.011","0.106","0.039","1620780982"
"0.0","0.0","0.106","0","0","0","0.023","0.011","0.056","0.014","0.086","0.03","1620780922"
"0.0","0.0","0.106","0","0","0","0.023","0.011","0.056","0.014","0.086","0.03","1620780922"
"0.0","0.0","0.106","0","0","0","0.024","0.029","0.045","0.016","0.114","0.048","1620780862"
"0.0","0.0","0.106","0","0","0","0.024","0.029","0.045","0.016","0.114","0.048","1620780862"
"0.0","0.0","0.125","0","0","0","0.022","0.021","0.047","0.013","0.098","0.038","1620780802"
"0.0","0.0","0.125","0","0","0","0.022","0.021","0.047","0.013","0.098","0.038","1620780802"
"0.0","0.0","0.106","0","0","0","0.03","0.021","0.051","0.015","0.089","0.037","1620780741"
"0.0","0.0","0.106","0","0","0","0.03","0.021","0.051","0.015","0.089","0.037","1620780741"
"0.0","0.0","0.106","0","0","0","0.024","0.024","0.049","0.012","0.089","0.038","1620780681"
"0.0","0.0","0.106","0","0","0","0.024","0.024","0.049","0.012","0.089","0.038","1620780681"
"0.0","0.0","0.106","0","0","0","0.025","0.02","0.052","0.013","0.106","0.049","1620780621"
"0.0","0.0","0.106","0","0","0","0.025","0.02","0.052","0.013","0.106","0.049","1620780621"
"0.0","0.0","0.106","0","0","0","0.024","0.017","0.045","0.016","0.12","0.046","1620780561"
"0.0","0.0","0.106","0","0","0","0.024","0.017","0.045","0.016","0.12","0.046","1620780561"
"0.0","0.0","0.106","0","0","0","0.021","0.028","0.06","0.013","0.088","0.041","1620780500"
"0.0","0.0","0.106","0","0","0","0.024","0.012","0.05","0.016","0.092","0.043","1620780440"
"0.0","0.0","0.106","0","0","0","0.024","0.012","0.05","0.016","0.092","0.043","1620780440"
"0.0","0.0","0.106","0","0","0","0.022","0.021","0.049","0.014","0.112","0.046","1620780380"
"0.0","0.0","0.106","0","0","0","0.022","0.021","0.049","0.014","0.112","0.046","1620780380"
"0.0","0.0","0.106","0","0","0","0.021","0.027","0.047","0.021","0.196","0.068","1620780320"
"0.0","0.0","0.106","0","0","0","0.021","0.011","0.047","0.014","0.121","0.048","1620780259"
"0.0","0.0","0.106","0","0","0","0.021","0.011","0.047","0.014","0.121","0.048","1620780259"
"0.0","0.0","0.106","0","0","0","0.023","0.027","0.05","0.012","0.099","0.037","1620780199"
"0.0","0.0","0.106","0","0","0","0.023","0.027","0.05","0.012","0.099","0.037","1620780199"
"0.0","0.0","0.106","0","0","0","0.021","0.028","0.059","0.014","0.103","0.039","1620780139"
"0.0","0.0","0.106","0","0","0","0.021","0.028","0.059","0.014","0.103","0.039","1620780139"
"0.0","0.0","0.106","0","0","0","0.024","0.02","0.054","0.021","0.114","0.057","1620780079"
"0.0","0.0","0.106","0","0","0","0.024","0.02","0.054","0.021","0.114","0.057","1620780079"
"0.0","0.0","0.106","0","0","0","0.028","0.02","0.056","0.016","0.093","0.041","1620780018"
"0.0","0.0","0.106","0","0","0","0.028","0.02","0.056","0.016","0.093","0.041","1620780018"
"0.0","0.0","0.106","0","0","0","0.028","0.03","0.048","0.012","0.092","0.037","1620779958"
"0.0","0.0","0.106","0","0","0","0.028","0.03","0.048","0.012","0.092","0.037","1620779958"
"0.0","0.0","0.106","0","0","0","0.023","0.026","0.054","0.013","0.112","0.035","1620779898"
"0.0","0.0","0.106","0","0","0","0.023","0.026","0.054","0.013","0.112","0.035","1620779898"
"0.0","0.0","0.106","0","0","0","0.024","0.029","0.044","0.014","0.107","0.043","1620779838"
"0.0","0.0","0.106","0","0","0","0.024","0.029","0.044","0.014","0.107","0.043","1620779838"
"0.0","0.0","0.106","0","0","0","0.023","0.028","0.047","0.013","0.106","0.041","1620779777"
"0.0","0.0","0.106","0","0","0","0.023","0.028","0.047","0.013","0.106","0.041","1620779777"
"0.0","0.0","0.106","0","0","0","0.025","0.022","0.052","0.016","0.146","0.03","1620779717"
"0.0","0.0","0.106","0","0","0","0.025","0.022","0.052","0.016","0.146","0.03","1620779717"
"0.0","0.0","0.106","0","0","0","0.023","0.021","0.055","0.012","0.092","0.047","1620779657"
"0.0","0.0","0.106","0","0","0","0.023","0.021","0.055","0.012","0.092","0.047","1620779657"
"0.0","0.0","0.106","0","0","0","0.022","0.021","0.046","0.012","0.11","0.035","1620779596"
"0.0","0.0","0.106","0","0","0","0.022","0.021","0.046","0.012","0.11","0.035","1620779596"
"0.0","0.0","0.106","0","0","0","0.024","0.029","0.053","0.015","0.108","0.046","1620779536"
"0.0","0.0","0.106","0","0","0","0.024","0.029","0.053","0.015","0.108","0.046","1620779536"
"0.0","0.0","0.106","0","0","0","0.024","0.022","0.052","0.014","0.111","0.044","1620779476"
"0.0","0.0","0.106","0","0","0","0.029","0.028","0.048","0.013","0.084","0.037","1620779416"
"0.0","0.0","0.106","0","0","0","0.029","0.028","0.048","0.013","0.084","0.037","1620779416"
"0.0","0.0","0.106","0","0","0","0.026","0.029","0.056","0.015","0.104","0.049","1620779355"
"0.0","0.0","0.106","0","0","0","0.026","0.029","0.056","0.015","0.104","0.049","1620779355"
"0.0","0.0","0.106","0","0","0","0.025","0.029","0.049","0.015","0.109","0.047","1620779295"
"0.0","0.0","0.106","0","0","0","0.025","0.029","0.049","0.015","0.109","0.047","1620779295"
"0.0","0.0","0.106","0","0","0","0.023","0.028","0.056","0.015","0.12","0.042","1620779235"
"0.0","0.0","0.125","0","0","0","0.027","0.013","0.05","0.013","0.113","0.042","1620779175"
"0.0","0.0","0.125","0","0","0","0.027","0.013","0.05","0.013","0.113","0.042","1620779175"
"0.0","0.0","0.106","0","0","0","0.022","0.013","0.052","0.012","0.096","0.04","1620779114"
"0.0","0.0","0.106","0","0","0","0.022","0.013","0.052","0.012","0.096","0.04","1620779114"
"0.0","0.0","0.106","0","0","0","0.03","0.03","0.053","0.017","0.115","0.042","1620779054"
"0.0","0.0","0.106","0","0","0","0.025","0.021","0.055","0.015","0.109","0.044","1620778994"
"0.0","0.0","0.106","0","0","0","0.024","0.012","0.045","0.015","0.087","0.043","1620778934"
"0.0","0.0","0.106","0","0","0","0.024","0.012","0.045","0.015","0.087","0.043","1620778934"
"0.0","0.0","0.106","0","0","0","0.023","0.023","0.044","0.015","0.109","0.042","1620778873"
"0.0","0.0","0.106","0","0","0","0.023","0.023","0.044","0.015","0.109","0.042","1620778873"
"0.0","0.0","0.106","0","0","0","0.025","0.028","0.051","0.019","0.141","0.058","1620778813"
"0.0","0.0","0.106","0","0","0","0.025","0.028","0.051","0.019","0.141","0.058","1620778813"
"0.0","0.0","0.106","0","0","0","0.022","0.017","0.053","0.013","0.104","0.041","1620778753"
"0.0","0.0","0.106","0","0","0","0.021","0.031","0.049","0.016","0.106","0.04","1620778693"
"0.0","0.0","0.106","0","0","0","0.028","0.029","0.047","0.012","0.175","0.039","1620778632"
"0.0","0.0","0.106","0","0","0","0.023","0.028","0.049","0.028","0.117","0.041","1620778572"
"0.0","0.0","0.106","0","0","0","0.024","0.022","0.06","0.014","0.124","0.06","1620778512"
"0.0","0.0","0.106","0","0","0","0.022","0.014","0.054","0.013","0.098","0.037","1620778452"
"0.0","0.0","0.106","0","0","0","0.025","0.03","0.054","0.014","0.12","0.047","1620778391"
"0.0","0.0","0.106","0","0","0","0.025","0.03","0.054","0.014","0.12","0.047","1620778391"
"0.0","0.0","0.106","0","0","0","0.021","0.02","0.052","0.014","0.093","0.041","1620778331"
"0.0","0.0","0.106","0","0","0","0.021","0.02","0.052","0.014","0.093","0.041","1620778331"
"0.0","0.0","0.106","0","0","0","0.021","0.031","0.049","0.016","0.113","0.037","1620778271"
"0.0","0.0","0.106","0","0","0","0.021","0.031","0.049","0.016","0.113","0.037","1620778271"
"0.0","0.0","0.106","0","0","0","0.024","0.014","0.06","0.018","0.174","0.063","1620778210"
"0.0","0.0","0.106","0","0","0","0.024","0.014","0.06","0.018","0.174","0.063","1620778210"
"0.0","0.0","0.106","0","0","0","0.022","0.023","0.054","0.014","0.122","0.043","1620778150"
"0.0","0.0","0.106","0","0","0","0.021","0.02","0.05","0.014","0.164","0.038","1620778089"
"0.0","0.0","0.106","0","0","0","0.021","0.02","0.05","0.014","0.164","0.038","1620778089"
"0.0","0.0","0.106","0","0","0","0.022","0.03","0.051","0.015","0.099","0.038","1620778029"
"0.0","0.0","0.106","0","0","0","0.023","0.022","0.05","0.014","0.114","0.044","1620777968"
"0.0","0.0","0.106","0","0","0","0.023","0.022","0.05","0.014","0.114","0.044","1620777968"
"0.0","0.0","0.125","0","0","0","0.02","0.03","0.061","0.014","0.102","0.042","1620777908"
"0.0","0.0","0.106","0","0","0","0.026","0.03","0.049","0.015","0.113","0.039","1620777847"
"0.0","0.0","0.106","0","0","0","0.022","0.03","0.056","0.016","0.134","0.043","1620777787"
"0.0","0.0","0.106","0","0","0","0.026","0.021","0.054","0.017","0.097","0.039","1620777726"
"0.0","0.0","0.106","0","0","0","0.025","0.022","0.049","0.016","0.099","0.041","1620777666"
"0.0","0.0","0.106","0","0","0","0.021","0.019","0.049","0.017","0.186","0.046","1620777605"
"0.0","0.0","0.106","0","0","0","0.022","0.022","0.054","0.013","0.105","0.04","1620777545"
"0.0","0.0","0.106","0","0","0","0.024","0.029","0.051","0.015","0.1","0.045","1620777484"
"0.0","0.0","0.106","0","0","0","0.025","0.012","0.049","0.017","0.111","0.045","1620777424"
"0.0","0.0","0.106","0","0","0","0.026","0.03","0.05","0.014","0.082","0.035","1620777364"
"0.0","0.0","0.106","0","0","0","0.033","0.03","0.062","0.014","0.093","0.042","1620777303"
"0.0","0.0","0.106","0","0","0","0.03","0.028","0.054","0.013","0.088","0.045","1620777243"
"0.0","0.0","0.125","0","0","0","0.028","0.03","0.054","0.014","0.1","0.039","1620777183"
"0.0","0.0","0.106","0","0","0","0.024","0.022","0.045","0.012","0.103","0.033","1620777122"
"0.0","0.0","0.106","0","0","0","0.022","0.019","0.052","0.014","0.094","0.042","1620777062"
"0.0","0.0","0.106","0","0","0","0.027","0.03","0.045","0.013","0.105","0.039","1620777001"
"0.0","0.0","0.106","0","0","0","0.025","0.03","0.048","0.015","0.148","0.042","1620776941"
"0.0","0.0","0.106","0","0","0","0.027","0.021","0.06","0.012","0.098","0.04","1620776880"
"0.0","0.0","0.106","0","0","0","0.027","0.021","0.06","0.012","0.098","0.04","1620776880"
"0.0","0.0","0.106","0","0","0","0.024","0.029","0.054","0.013","0.085","0.036","1620776820"
"0.0","0.0","0.106","0","0","0","0.023","0.021","0.05","0.013","0.089","0.041","1620776760"
"0.0","0.0","0.106","0","0","0","0.023","0.021","0.05","0.013","0.089","0.041","1620776760"
"0.0","0.0","0.106","0","0","0","0.023","0.03","0.053","0.018","0.106","0.046","1620776700"
"0.0","0.0","0.106","0","0","0","0.023","0.031","0.051","0.013","0.106","0.039","1620776640"
"0.0","0.0","0.106","0","0","0","0.022","0.028","0.057","0.014","0.099","0.042","1620776579"
"0.0","0.0","0.106","0","0","0","0.024","0.031","0.047","0.014","0.095","0.04","1620776519"
"0.0","0.0","0.106","0","0","0","0.027","0.022","0.048","0.03","0.082","0.034","1620776459"
"0.0","0.0","0.106","0","0","0","0.027","0.022","0.048","0.03","0.082","0.034","1620776459"
"0.0","0.0","0.106","0","0","0","0.026","0.018","0.052","0.014","0.102","0.046","1620776398"
"0.0","0.0","0.106","0","0","0","0.025","0.019","0.053","0.012","0.076","0.038","1620776338"
"0.0","0.0","0.106","0","0","0","0.025","0.019","0.053","0.012","0.076","0.038","1620776338"
"0.0","0.0","0.125","0","0","0","0.029","0.02","0.047","0.012","0.1","0.036","1620776278"
"0.0","0.0","0.125","0","0","0","0.029","0.02","0.047","0.012","0.1","0.036","1620776278"
"0.0","0.0","0.106","0","0","0","0.023","0.019","0.05","0.013","0.103","0.041","1620776218"
"0.0","0.0","0.106","0","0","0","0.023","0.019","0.05","0.013","0.103","0.041","1620776218"
"0.0","0.0","0.106","0","0","0","0.024","0.03","0.054","0.018","0.103","0.034","1620776157"
"0.0","0.0","0.106","0","0","0","0.024","0.03","0.054","0.018","0.103","0.034","1620776157"
"0.0","0.0","0.106","0","0","0","0.025","0.019","0.044","0.014","0.098","0.041","1620776097"
"0.0","0.0","0.106","0","0","0","0.025","0.019","0.044","0.014","0.098","0.041","1620776097"
"0.0","0.0","0.106","0","0","0","0.023","0.027","0.05","0.016","0.103","0.045","1620776037"
"0.0","0.0","0.106","0","0","0","0.023","0.027","0.05","0.016","0.103","0.045","1620776037"
"0.0","0.0","0.106","0","0","0","0.025","0.023","0.049","0.017","0.136","0.057","1620775977"
"0.0","0.0","0.106","0","0","0","0.025","0.023","0.049","0.017","0.136","0.057","1620775977"
"0.0","0.0","0.106","0","0","0","0.026","0.013","0.047","0.013","0.109","0.047","1620775916"
"0.0","0.0","0.106","0","0","0","0.026","0.013","0.047","0.013","0.109","0.047","1620775916"
"0.0","0.0","0.106","0","0","0","0.026","0.021","0.052","0.016","0.105","0.045","1620775856"
"0.0","0.0","0.106","0","0","0","0.026","0.021","0.052","0.016","0.105","0.045","1620775856"
"0.0","0.0","0.106","0","0","0","0.026","0.029","0.057","0.013","0.094","0.041","1620775796"
"0.0","0.0","0.106","0","0","0","0.026","0.029","0.057","0.013","0.094","0.041","1620775796"
"0.0","0.0","0.125","0","0","0","0.024","0.019","0.048","0.015","0.115","0.038","1620775736"
"0.0","0.0","0.125","0","0","0","0.024","0.019","0.048","0.015","0.115","0.038","1620775736"
"0.0","0.0","0.106","0","0","0","0.024","0.013","0.056","0.014","0.112","0.043","1620775676"
"0.0","0.0","0.106","0","0","0","0.022","0.021","0.045","0.014","0.098","0.043","1620775615"
"0.0","0.0","0.106","0","0","0","0.022","0.021","0.045","0.014","0.098","0.043","1620775615"
"0.0","0.0","0.106","0","0","0","0.024","0.022","0.049","0.023","0.117","0.042","1620775555"
"0.0","0.0","0.106","0","0","0","0.024","0.022","0.049","0.023","0.117","0.042","1620775555"
"0.0","0.0","0.106","0","0","0","0.025","0.03","0.048","0.012","0.092","0.039","1620775495"
"0.0","0.0","0.106","0","0","0","0.025","0.03","0.048","0.012","0.092","0.039","1620775495"
"0.0","0.0","0.106","0","0","0","0.023","0.02","0.052","0.014","0.11","0.042","1620775435"
"0.0","0.0","0.106","0","0","0","0.023","0.02","0.052","0.014","0.11","0.042","1620775435"
"0.0","0.0","0.125","0","0","0","0.028","0.022","0.052","0.013","0.079","0.037","1620775374"
"0.0","0.0","0.125","0","0","0","0.028","0.022","0.052","0.013","0.079","0.037","1620775374"
"0.0","0.0","0.106","0","0","0","0.027","0.027","0.046","0.015","0.1","0.046","1620775314"
"0.0","0.0","0.106","0","0","0","0.024","0.019","0.056","0.016","0.104","0.041","1620775254"
"0.0","0.0","0.106","0","0","0","0.024","0.019","0.056","0.016","0.104","0.041","1620775254"
"0.0","0.0","0.106","0","0","0","0.029","0.031","0.051","0.016","0.14","0.033","1620775194"
"0.0","0.0","0.106","0","0","0","0.029","0.031","0.051","0.016","0.14","0.033","1620775194"
"0.0","0.0","0.106","0","0","0","0.025","0.031","0.047","0.012","0.104","0.034","1620775133"
"0.0","0.0","0.106","0","0","0","0.025","0.031","0.047","0.012","0.104","0.034","1620775133"
"0.0","0.0","0.106","0","0","0","0.023","0.019","0.054","0.015","0.106","0.041","1620775073"
"0.0","0.0","0.106","0","0","0","0.023","0.019","0.054","0.015","0.106","0.041","1620775073"
"0.0","0.0","0.106","0","0","0","0.028","0.028","0.046","0.015","0.103","0.059","1620775013"
"0.0","0.0","0.106","0","0","0","0.028","0.028","0.046","0.015","0.103","0.059","1620775013"
"0.0","0.0","0.125","0","0","0","0.023","0.022","0.051","0.016","0.084","0.034","1620774953"
"0.0","0.0","0.125","0","0","0","0.023","0.022","0.051","0.016","0.084","0.034","1620774953"
"0.0","0.0","0.106","0","0","0","0.023","0.031","0.055","0.013","0.078","0.031","1620774892"
"0.0","0.0","0.106","0","0","0","0.023","0.031","0.055","0.013","0.078","0.031","1620774892"
"0.0","0.0","0.106","0","0","0","0.025","0.011","0.046","0.013","0.086","0.037","1620774832"
"0.0","0.0","0.106","0","0","0","0.025","0.011","0.046","0.013","0.086","0.037","1620774832"
"0.0","0.0","0.106","0","0","0","0.021","0.031","0.047","0.02","0.107","0.056","1620774772"
"0.0","0.0","0.106","0","0","0","0.021","0.031","0.047","0.02","0.107","0.056","1620774772"
"0.0","0.0","0.106","0","0","0","0.024","0.02","0.048","0.013","0.131","0.054","1620774711"
"0.0","0.0","0.106","0","0","0","0.024","0.02","0.048","0.013","0.131","0.054","1620774711"
"0.0","0.0","0.106","0","0","0","0.024","0.028","0.05","0.014","0.105","0.043","1620774651"
"0.0","0.0","0.106","0","0","0","0.024","0.028","0.05","0.014","0.105","0.043","1620774651"
"0.0","0.0","0.106","0","0","0","0.022","0.03","0.052","0.018","0.094","0.042","1620774591"
"0.0","0.0","0.106","0","0","0","0.022","0.03","0.052","0.018","0.094","0.042","1620774591"
"0.0","0.0","0.234","0","0","0","0.024","0.03","0.054","0.014","0.093","0.045","1620774530"
"0.0","0.0","0.234","0","0","0","0.024","0.03","0.054","0.014","0.093","0.045","1620774530"
"0.0","0.0","0.106","0","0","0","0.03","0.031","0.056","0.015","0.103","0.04","1620774470"
"0.0","0.0","0.106","0","0","0","0.03","0.031","0.056","0.015","0.103","0.04","1620774470"
"0.0","0.0","0.125","0","0","0","0.023","0.031","0.046","0.016","0.101","0.052","1620774410"
"0.0","0.0","0.125","0","0","0","0.023","0.031","0.046","0.016","0.101","0.052","1620774410"
"0.0","0.0","0.125","0","0","0","0.023","0.021","0.049","0.015","0.104","0.043","1620774349"
"0.0","0.0","0.125","0","0","0","0.023","0.021","0.049","0.015","0.104","0.043","1620774349"
"0.0","0.0","0.106","0","0","0","0.023","0.022","0.045","0.016","0.083","0.042","1620774289"
"0.0","0.0","0.106","0","0","0","0.023","0.022","0.045","0.016","0.083","0.042","1620774289"
"0.0","0.0","0.106","0","0","0","0.026","0.026","0.054","0.016","0.098","0.041","1620774229"
"0.0","0.0","0.106","0","0","0","0.026","0.026","0.054","0.016","0.098","0.041","1620774229"
"0.0","0.0","0.106","0","0","0","0.022","0.03","0.046","0.014","0.099","0.045","1620774169"
"0.0","0.0","0.106","0","0","0","0.022","0.03","0.046","0.014","0.099","0.045","1620774169"
"0.0","0.0","0.106","0","0","0","0.02","0.022","0.049","0.016","0.142","0.055","1620774108"
"0.0","0.0","0.106","0","0","0","0.02","0.022","0.049","0.016","0.142","0.055","1620774108"
"0.0","0.0","0.106","0","0","0","0.022","0.031","0.048","0.013","0.084","0.036","1620774048"
"0.0","0.0","0.106","0","0","0","0.022","0.031","0.048","0.013","0.084","0.036","1620774048"
"0.0","0.0","0.106","0","0","0","0.022","0.019","0.042","0.014","0.105","0.041","1620773988"
"0.0","0.0","0.106","0","0","0","0.022","0.019","0.042","0.014","0.105","0.041","1620773988"
"0.0","0.0","0.106","0","0","0","0.024","0.015","0.046","0.014","0.1","0.039","1620773928"
"0.0","0.0","0.106","0","0","0","0.024","0.015","0.046","0.014","0.1","0.039","1620773928"
"0.0","0.0","0.106","0","0","0","0.021","0.013","0.048","0.014","0.083","0.031","1620773868"
"0.0","0.0","0.106","0","0","0","0.021","0.013","0.048","0.014","0.083","0.031","1620773868"
"0.0","0.0","0.106","0","0","0","0.031","0.03","0.053","0.013","0.114","0.034","1620773807"
"0.0","0.0","0.106","0","0","0","0.031","0.03","0.053","0.013","0.114","0.034","1620773807"
"0.0","0.0","0.106","0","0","0","0.024","0.031","0.049","0.013","0.103","0.041","1620773747"
"0.0","0.0","0.106","0","0","0","0.024","0.031","0.049","0.013","0.103","0.041","1620773747"
"0.0","0.0","0.106","0","0","0","0.022","0.029","0.05","0.015","0.103","0.035","1620773686"
"0.0","0.0","0.106","0","0","0","0.024","0.03","0.049","0.022","0.082","0.047","1620773626"
"0.0","0.0","0.106","0","0","0","0.024","0.03","0.049","0.022","0.082","0.047","1620773626"
"0.0","0.0","0.106","0","0","0","0.022","0.019","0.049","0.016","0.103","0.031","1620773566"
"0.0","0.0","0.106","0","0","0","0.022","0.019","0.049","0.016","0.103","0.031","1620773566"
"0.0","0.0","0.106","0","0","0","0.021","0.02","0.052","0.013","0.099","0.032","1620773505"
"0.0","0.0","0.106","0","0","0","0.021","0.02","0.052","0.013","0.099","0.032","1620773505"
"0.0","0.0","0.125","0","0","0","0.024","0.019","0.044","0.014","0.098","0.038","1620773445"
"0.0","0.0","0.125","0","0","0","0.024","0.019","0.044","0.014","0.098","0.038","1620773445"
"0.0","0.0","0.106","0","0","0","0.023","0.021","0.051","0.014","0.107","0.038","1620773385"
"0.0","0.0","0.106","0","0","0","0.023","0.021","0.051","0.014","0.107","0.038","1620773385"
"0.0","0.0","0.106","0","0","0","0.024","0.028","0.05","0.013","0.099","0.046","1620773325"
"0.0","0.0","0.106","0","0","0","0.024","0.028","0.05","0.013","0.099","0.046","1620773325"
"0.0","0.0","0.106","0","0","0","0.025","0.021","0.049","0.014","0.116","0.057","1620773265"
"0.0","0.0","0.106","0","0","0","0.022","0.018","0.046","0.013","0.081","0.042","1620773204"
"0.0","0.0","0.106","0","0","0","0.022","0.018","0.046","0.013","0.081","0.042","1620773204"
"0.0","0.0","0.106","0","0","0","0.025","0.02","0.055","0.011","0.105","0.038","1620773144"
"0.0","0.0","0.106","0","0","0","0.025","0.02","0.055","0.011","0.105","0.038","1620773144"
"0.0","0.0","0.106","0","0","0","0.028","0.03","0.048","0.015","0.132","0.034","1620773084"
"0.0","0.0","0.106","0","0","0","0.028","0.03","0.048","0.015","0.132","0.034","1620773084"
"0.0","0.0","0.106","0","0","0","0.024","0.021","0.048","0.013","0.111","0.042","1620773023"
"0.0","0.0","0.106","0","0","0","0.024","0.021","0.048","0.013","0.111","0.042","1620773023"
"0.0","0.0","0.106","0","0","0","0.028","0.029","0.053","0.017","0.101","0.04","1620772963"
"0.0","0.0","0.106","0","0","0","0.028","0.029","0.053","0.017","0.101","0.04","1620772963"
"0.0","0.0","0.106","0","0","0","0.024","0.029","0.048","0.013","0.08","0.037","1620772903"
"0.0","0.0","0.106","0","0","0","0.024","0.029","0.048","0.013","0.08","0.037","1620772903"
"0.0","0.0","0.106","0","0","0","0.025","0.011","0.049","0.015","0.088","0.03","1620772843"
"0.0","0.0","0.106","0","0","0","0.025","0.011","0.049","0.015","0.088","0.03","1620772843"
"0.0","0.0","0.106","0","0","0","0.033","0.021","0.05","0.014","0.088","0.032","1620772782"
"0.0","0.0","0.106","0","0","0","0.033","0.021","0.05","0.014","0.088","0.032","1620772782"
"0.0","0.0","0.106","0","0","0","0.024","0.031","0.055","0.017","0.107","0.039","1620772722"
"0.0","0.0","0.106","0","0","0","0.024","0.031","0.055","0.017","0.107","0.039","1620772722"
"0.0","0.0","0.106","0","0","0","0.023","0.02","0.051","0.013","0.097","0.033","1620772662"
"0.0","0.0","0.106","0","0","0","0.023","0.02","0.051","0.013","0.097","0.033","1620772662"
"0.0","0.0","0.106","0","0","0","0.024","0.018","0.052","0.014","0.116","0.047","1620772601"
"0.0","0.0","0.106","0","0","0","0.024","0.018","0.052","0.014","0.116","0.047","1620772601"
"0.0","0.0","0.106","0","0","0","0.022","0.011","0.055","0.013","0.102","0.029","1620772541"
"0.0","0.0","0.106","0","0","0","0.031","0.03","0.06","0.015","0.109","0.035","1620772481"
"0.0","0.0","0.106","0","0","0","0.031","0.03","0.06","0.015","0.109","0.035","1620772481"
"0.0","0.0","0.106","0","0","0","0.024","0.029","0.051","0.014","0.123","0.046","1620772421"
"0.0","0.0","0.106","0","0","0","0.024","0.022","0.052","0.024","0.11","0.044","1620772360"
"0.0","0.0","0.106","0","0","0","0.024","0.022","0.052","0.024","0.11","0.044","1620772360"
"0.0","0.0","0.106","0","0","0","0.021","0.03","0.044","0.013","0.098","0.038","1620772300"
"0.0","0.0","0.106","0","0","0","0.021","0.03","0.044","0.013","0.098","0.038","1620772300"
"0.0","0.0","0.106","0","0","0","0.027","0.023","0.049","0.014","0.102","0.041","1620772240"
"0.0","0.0","0.106","0","0","0","0.027","0.023","0.049","0.014","0.102","0.041","1620772240"
"0.0","0.0","0.106","0","0","0","0.021","0.031","0.047","0.012","0.076","0.039","1620772179"
"0.0","0.0","0.106","0","0","0","0.021","0.031","0.047","0.012","0.076","0.039","1620772179"
"0.0","0.0","0.106","0","0","0","0.025","0.03","0.049","0.024","0.084","0.035","1620772119"
"0.0","0.0","0.106","0","0","0","0.025","0.03","0.049","0.024","0.084","0.035","1620772119"
"0.0","0.0","0.106","0","0","0","0.022","0.028","0.049","0.017","0.147","0.046","1620772059"
"0.0","0.0","0.106","0","0","0","0.022","0.028","0.049","0.017","0.147","0.046","1620772059"
"0.0","0.0","0.106","0","0","0","0.027","0.02","0.051","0.015","0.099","0.044","1620771999"
"0.0","0.0","0.106","0","0","0","0.027","0.02","0.051","0.015","0.099","0.044","1620771999"
"0.0","0.0","0.106","0","0","0","0.027","0.03","0.053","0.015","0.111","0.043","1620771938"
"0.0","0.0","0.106","0","0","0","0.027","0.03","0.053","0.015","0.111","0.043","1620771938"
"0.0","0.0","0.106","0","0","0","0.021","0.014","0.054","0.015","0.101","0.042","1620771878"
"0.0","0.0","0.106","0","0","0","0.021","0.014","0.054","0.015","0.101","0.042","1620771878"
"0.0","0.0","0.106","0","0","0","0.023","0.021","0.051","0.016","0.1","0.04","1620771818"
"0.0","0.0","0.106","0","0","0","0.023","0.021","0.051","0.016","0.1","0.04","1620771818"
"0.0","0.0","0.106","0","0","0","0.024","0.028","0.048","0.013","0.105","0.044","1620771758"
"0.0","0.0","0.106","0","0","0","0.023","0.031","0.047","0.013","0.083","0.036","1620771697"
"0.0","0.0","0.106","0","0","0","0.023","0.031","0.047","0.013","0.083","0.036","1620771697"
"0.0","0.0","0.106","0","0","0","0.024","0.022","0.051","0.014","0.108","0.042","1620771637"
"0.0","0.0","0.106","0","0","0","0.024","0.022","0.051","0.014","0.108","0.042","1620771637"
"0.0","0.0","0.125","0","0","0","0.021","0.012","0.046","0.012","0.101","0.035","1620771577"
"0.0","0.0","0.125","0","0","0","0.021","0.012","0.046","0.012","0.101","0.035","1620771577"
"0.0","0.0","0.125","0","0","0","0.025","0.012","0.046","0.016","0.082","0.034","1620771516"
"0.0","0.0","0.125","0","0","0","0.025","0.012","0.046","0.016","0.082","0.034","1620771516"
"0.0","0.0","0.106","0","0","0","0.026","0.029","0.057","0.017","0.107","0.047","1620771456"
"0.0","0.0","0.106","0","0","0","0.026","0.029","0.057","0.017","0.107","0.047","1620771456"
"0.0","0.0","0.106","0","0","0","0.024","0.029","0.048","0.015","0.104","0.041","1620771396"
"0.0","0.0","0.106","0","0","0","0.024","0.029","0.048","0.015","0.104","0.041","1620771396"
"0.0","0.0","0.106","0","0","0","0.024","0.02","0.043","0.014","0.081","0.047","1620771336"
"0.0","0.0","0.106","0","0","0","0.024","0.02","0.043","0.014","0.081","0.047","1620771336"
"0.0","0.0","0.125","0","0","0","0.022","0.029","0.052","0.013","0.091","0.035","1620771275"
"0.0","0.0","0.125","0","0","0","0.022","0.029","0.052","0.013","0.091","0.035","1620771275"
"0.0","0.0","0.106","0","0","0","0.02","0.022","0.047","0.024","0.098","0.041","1620771215"
"0.0","0.0","0.106","0","0","0","0.02","0.022","0.047","0.024","0.098","0.041","1620771215"
"0.0","0.0","0.106","0","0","0","0.027","0.014","0.047","0.016","0.102","0.042","1620771155"
"0.0","0.0","0.106","0","0","0","0.027","0.014","0.047","0.016","0.102","0.042","1620771155"
"0.0","0.0","0.106","0","0","0","0.023","0.02","0.053","0.013","0.103","0.045","1620771095"
"0.0","0.0","0.106","0","0","0","0.023","0.02","0.053","0.013","0.103","0.045","1620771095"
"0.0","0.0","0.106","0","0","0","0.022","0.027","0.049","0.014","0.106","0.043","1620771034"
"0.0","0.0","0.106","0","0","0","0.022","0.027","0.049","0.014","0.106","0.043","1620771034"
"0.0","0.0","0.106","0","0","0","0.025","0.025","0.044","0.014","0.108","0.045","1620770974"
"0.0","0.0","0.106","0","0","0","0.025","0.025","0.044","0.014","0.108","0.045","1620770974"
"0.0","0.0","0.106","0","0","0","0.022","0.012","0.046","0.014","0.101","0.045","1620770914"
"0.0","0.0","0.106","0","0","0","0.024","0.021","0.043","0.013","0.106","0.047","1620770854"
"0.0","0.0","0.106","0","0","0","0.027","0.03","0.049","0.016","0.095","0.037","1620770793"
"0.0","0.0","0.106","0","0","0","0.025","0.031","0.05","0.013","0.111","0.046","1620770733"
"0.0","0.0","0.106","0","0","0","0.024","0.02","0.049","0.015","0.108","0.043","1620770673"
"0.0","0.0","0.106","0","0","0","0.024","0.02","0.049","0.015","0.108","0.043","1620770673"
"0.0","0.0","0.106","0","0","0","0.026","0.013","0.06","0.014","0.098","0.045","1620770613"
"0.0","0.0","0.106","0","0","0","0.024","0.03","0.052","0.015","0.104","0.042","1620770552"
"0.0","0.0","0.106","0","0","0","0.022","0.03","0.05","0.015","0.127","0.054","1620770492"
"0.0","0.0","0.106","0","0","0","0.022","0.03","0.05","0.015","0.127","0.054","1620770492"
"0.0","0.0","0.106","0","0","0","0.024","0.018","0.049","0.016","0.116","0.043","1620770432"
"0.0","0.0","0.106","0","0","0","0.024","0.018","0.049","0.016","0.116","0.043","1620770432"
"0.0","0.0","0.106","0","0","0","0.028","0.02","0.052","0.014","0.081","0.039","1620770371"
"0.0","0.0","0.125","0","0","0","0.022","0.027","0.054","0.015","0.108","0.044","1620770311"
"0.0","0.0","0.106","0","0","0","0.023","0.02","0.05","0.016","0.084","0.043","1620770251"
"0.0","0.0","0.106","0","0","0","0.026","0.031","0.054","0.016","0.169","0.07","1620770191"
"0.0","0.0","0.106","0","0","0","0.026","0.031","0.054","0.016","0.169","0.07","1620770191"
"0.0","0.0","0.106","0","0","0","0.028","0.022","0.052","0.015","0.113","0.057","1620770130"
"0.0","0.0","0.106","0","0","0","0.027","0.028","0.047","0.015","0.094","0.036","1620770070"
"0.0","0.0","0.125","0","0","0","0.025","0.029","0.048","0.015","0.139","0.05","1620770010"
"0.0","0.0","0.125","0","0","0","0.025","0.03","0.049","0.015","0.114","0.04","1620769950"
"0.0","0.0","0.106","0","0","0","0.025","0.021","0.05","0.013","0.109","0.057","1620769889"
"0.0","0.0","0.106","0","0","0","0.025","0.021","0.046","0.013","0.108","0.044","1620769829"
"0.0","0.0","0.106","0","0","0","0.025","0.019","0.048","0.014","0.105","0.039","1620769769"
"0.0","0.0","0.106","0","0","0","0.023","0.02","0.051","0.017","0.105","0.043","1620769709"
"0.0","0.0","0.106","0","0","0","0.026","0.023","0.054","0.012","0.111","0.034","1620769649"
"0.0","0.0","0.106","0","0","0","0.024","0.021","0.045","0.014","0.115","0.042","1620769588"
"0.0","0.0","0.106","0","0","0","0.025","0.021","0.05","0.013","0.102","0.041","1620769528"
"0.0","0.0","0.106","0","0","0","0.029","0.021","0.049","0.015","0.1","0.034","1620769468"
"0.0","0.0","0.106","0","0","0","0.023","0.013","0.056","0.015","0.111","0.04","1620769407"
"0.0","0.0","0.106","0","0","0","0.022","0.029","0.048","0.013","0.101","0.045","1620769347"
"0.0","0.0","0.106","0","0","0","0.028","0.013","0.053","0.016","0.116","0.041","1620769287"
"0.0","0.0","0.106","0","0","0","0.024","0.022","0.047","0.014","0.115","0.039","1620769227"
"0.0","0.0","0.106","0","0","0","0.025","0.028","0.053","0.014","0.113","0.035","1620769166"
"0.0","0.0","0.106","0","0","0","0.023","0.021","0.049","0.013","0.108","0.042","1620769106"
"0.0","0.0","0.106","0","0","0","0.023","0.028","0.054","0.013","0.1","0.041","1620769046"
"0.0","0.0","0.125","0","0","0","0.026","0.028","0.05","0.011","0.088","0.033","1620768985"
"0.0","0.0","0.106","0","0","0","0.029","0.019","0.048","0.013","0.076","0.032","1620768925"
"0.0","0.0","0.106","0","0","0","0.029","0.02","0.046","0.016","0.143","0.055","1620768865"
"0.0","0.0","0.106","0","0","0","0.027","0.022","0.066","0.011","0.087","0.031","1620768805"
"0.0","0.0","0.106","0","0","0","0.025","0.028","0.047","0.014","0.111","0.043","1620768744"
"0.0","0.0","0.106","0","0","0","0.029","0.022","0.052","0.014","0.121","0.043","1620768684"
"0.0","0.0","0.106","0","0","0","0.027","0.021","0.056","0.013","0.078","0.034","1620768624"
"0.0","0.0","0.106","0","0","0","0.027","0.021","0.056","0.013","0.078","0.034","1620768624"
"0.0","0.0","0.106","0","0","0","0.024","0.022","0.051","0.015","0.099","0.033","1620768564"
"0.0","0.0","0.106","0","0","0","0.024","0.022","0.051","0.015","0.099","0.033","1620768564"
"0.0","0.0","0.106","0","0","0","0.026","0.027","0.045","0.023","0.098","0.03","1620768503"
"0.0","0.0","0.106","0","0","0","0.026","0.027","0.045","0.023","0.098","0.03","1620768503"
"0.0","0.0","0.106","0","0","0","0.023","0.029","0.048","0.014","0.124","0.045","1620768443"
"0.0","0.0","0.106","0","0","0","0.028","0.011","0.05","0.016","0.091","0.038","1620768383"
"0.0","0.0","0.106","0","0","0","0.028","0.011","0.05","0.016","0.091","0.038","1620768383"
"0.0","0.0","0.106","0","0","0","0.025","0.019","0.049","0.016","0.118","0.043","1620768323"
"0.0","0.0","0.106","0","0","0","0.025","0.019","0.049","0.016","0.118","0.043","1620768323"
"0.0","0.0","0.106","0","0","0","0.024","0.013","0.049","0.014","0.109","0.033","1620768262"
"0.0","0.0","0.106","0","0","0","0.024","0.013","0.049","0.014","0.109","0.033","1620768262"
"0.0","0.0","0.106","0","0","0","0.024","0.03","0.065","0.014","0.108","0.041","1620768202"
"0.0","0.0","0.106","0","0","0","0.023","0.031","0.056","0.015","0.099","0.039","1620768142"
"0.0","0.0","0.125","0","0","0","0.027","0.011","0.048","0.014","0.096","0.031","1620768082"
"0.0","0.0","0.125","0","0","0","0.027","0.011","0.048","0.014","0.096","0.031","1620768082"
"0.0","0.0","0.106","0","0","0","0.033","0.03","0.051","0.012","0.088","0.033","1620768021"
"0.0","0.0","0.106","0","0","0","0.027","0.023","0.058","0.017","0.177","0.037","1620767961"
"0.0","0.0","0.106","0","0","0","0.027","0.023","0.058","0.017","0.177","0.037","1620767961"
"0.0","0.0","0.106","0","0","0","0.024","0.029","0.057","0.015","0.095","0.039","1620767901"
"0.0","0.0","0.106","0","0","0","0.027","0.018","0.053","0.015","0.105","0.045","1620767841"
"0.0","0.0","0.106","0","0","0","0.027","0.018","0.053","0.015","0.105","0.045","1620767841"
"0.0","0.0","0.106","0","0","0","0.022","0.029","0.046","0.013","0.115","0.043","1620767780"
"0.0","0.0","0.106","0","0","0","0.022","0.029","0.046","0.013","0.115","0.043","1620767780"
"0.0","0.0","0.106","0","0","0","0.022","0.021","0.049","0.015","0.113","0.037","1620767720"
"0.0","0.0","0.106","0","0","0","0.022","0.021","0.049","0.015","0.113","0.037","1620767720"
"0.0","0.0","0.106","0","0","0","0.024","0.028","0.051","0.014","0.112","0.046","1620767660"
"0.0","0.0","0.106","0","0","0","0.026","0.031","0.052","0.015","0.108","0.036","1620767599"
"0.0","0.0","0.106","0","0","0","0.026","0.031","0.052","0.015","0.108","0.036","1620767599"
"0.0","0.0","0.106","0","0","0","0.024","0.03","0.048","0.016","0.132","0.051","1620767539"
"0.0","0.0","0.106","0","0","0","0.024","0.03","0.048","0.016","0.132","0.051","1620767539"
"0.0","0.0","0.106","0","0","0","0.023","0.021","0.044","0.013","0.114","0.041","1620767479"
"0.0","0.0","0.106","0","0","0","0.023","0.021","0.044","0.013","0.114","0.041","1620767479"
"0.0","0.0","0.106","0","0","0","0.024","0.011","0.05","0.017","0.091","0.04","1620767418"
"0.0","0.0","0.106","0","0","0","0.024","0.013","0.043","0.014","0.148","0.046","1620767358"
"0.0","0.0","0.106","0","0","0","0.024","0.013","0.043","0.014","0.148","0.046","1620767358"
"0.0","0.0","0.106","0","0","0","0.026","0.019","0.046","0.013","0.117","0.031","1620767298"
"0.0","0.0","0.106","0","0","0","0.026","0.019","0.046","0.013","0.117","0.031","1620767298"
"0.0","0.0","0.106","0","0","0","0.023","0.021","0.055","0.014","0.104","0.041","1620767238"
"0.0","0.0","0.125","0","0","0","0.027","0.021","0.053","0.012","0.11","0.04","1620767177"
"0.0","0.0","0.125","0","0","0","0.027","0.021","0.053","0.012","0.11","0.04","1620767177"
"0.0","0.0","0.106","0","0","0","0.025","0.029","0.048","0.012","0.105","0.036","1620767117"
"0.0","0.0","0.106","0","0","0","0.025","0.029","0.048","0.012","0.105","0.036","1620767117"
"0.0","0.0","0.106","0","0","0","0.024","0.019","0.048","0.018","0.114","0.038","1620767057"
"0.0","0.0","0.106","0","0","0","0.024","0.019","0.048","0.018","0.114","0.038","1620767057"
"0.0","0.0","0.106","0","0","0","0.028","0.028","0.049","0.016","0.105","0.04","1620766997"
"0.0","0.0","0.106","0","0","0","0.021","0.021","0.046","0.012","0.092","0.033","1620766937"
"0.0","0.0","0.106","0","0","0","0.021","0.021","0.046","0.012","0.092","0.033","1620766937"
"0.0","0.0","0.106","0","0","0","0.026","0.022","0.049","0.016","0.091","0.036","1620766876"
"0.0","0.0","0.106","0","0","0","0.026","0.022","0.049","0.016","0.091","0.036","1620766876"
"0.0","0.0","0.106","0","0","0","0.023","0.018","0.048","0.015","0.092","0.034","1620766816"
"0.0","0.0","0.106","0","0","0","0.023","0.018","0.048","0.015","0.092","0.034","1620766816"
"0.0","0.0","0.106","0","0","0","0.022","0.012","0.053","0.016","0.101","0.043","1620766756"
"0.0","0.0","0.106","0","0","0","0.025","0.03","0.047","0.015","0.109","0.039","1620766696"
"0.0","0.0","0.106","0","0","0","0.025","0.03","0.047","0.015","0.109","0.039","1620766696"
"0.0","0.0","0.106","0","0","0","0.026","0.02","0.047","0.015","0.113","0.038","1620766635"
"0.0","0.0","0.106","0","0","0","0.026","0.02","0.047","0.015","0.113","0.038","1620766635"
"0.0","0.0","0.125","0","0","0","0.022","0.022","0.052","0.014","0.083","0.036","1620766575"
"0.0","0.0","0.125","0","0","0","0.022","0.022","0.052","0.014","0.083","0.036","1620766575"
"0.0","0.0","0.106","0","0","0","0.021","0.029","0.045","0.013","0.113","0.044","1620766515"
"0.0","0.0","0.106","0","0","0","0.022","0.021","0.052","0.013","0.107","0.039","1620766455"
"0.0","0.0","0.106","0","0","0","0.022","0.021","0.052","0.013","0.107","0.039","1620766455"
"0.0","0.0","0.106","0","0","0","0.024","0.031","0.053","0.014","0.086","0.034","1620766394"
"0.0","0.0","0.106","0","0","0","0.024","0.031","0.053","0.014","0.086","0.034","1620766394"
"0.0","0.0","0.106","0","0","0","0.024","0.022","0.048","0.016","0.095","0.041","1620766334"
"0.0","0.0","0.106","0","0","0","0.024","0.022","0.048","0.016","0.095","0.041","1620766334"
"0.0","0.0","0.106","0","0","0","0.026","0.031","0.049","0.011","0.09","0.039","1620766274"
"0.0","0.0","0.106","0","0","0","0.026","0.031","0.049","0.011","0.09","0.039","1620766274"
"0.0","0.0","0.106","0","0","0","0.038","0.014","0.05","0.013","0.088","0.038","1620766214"
"0.0","0.0","0.106","0","0","0","0.038","0.014","0.05","0.013","0.088","0.038","1620766214"
"0.0","0.0","0.106","0","0","0","0.024","0.014","0.055","0.014","0.117","0.032","1620766153"
"0.0","0.0","0.106","0","0","0","0.024","0.014","0.055","0.014","0.117","0.032","1620766153"
"0.0","0.0","0.106","0","0","0","0.022","0.021","0.057","0.019","0.132","0.055","1620766093"
"0.0","0.0","0.106","0","0","0","0.022","0.021","0.057","0.019","0.132","0.055","1620766093"
"0.0","0.0","0.106","0","0","0","0.022","0.021","0.048","0.013","0.151","0.051","1620766033"
"0.0","0.0","0.106","0","0","0","0.022","0.021","0.048","0.013","0.151","0.051","1620766033"
"0.0","0.0","0.106","0","0","0","0.025","0.028","0.042","0.017","0.096","0.044","1620765973"
"0.0","0.0","0.106","0","0","0","0.025","0.028","0.042","0.017","0.096","0.044","1620765973"
"0.0","0.0","0.106","0","0","0","0.024","0.02","0.056","0.026","0.113","0.042","1620765913"
"0.0","0.0","0.106","0","0","0","0.024","0.02","0.056","0.026","0.113","0.042","1620765913"
"0.0","0.0","0.106","0","0","0","0.024","0.023","0.049","0.019","0.083","0.045","1620765852"
"0.0","0.0","0.106","0","0","0","0.024","0.023","0.049","0.019","0.083","0.045","1620765852"
"0.0","0.0","0.106","0","0","0","0.025","0.029","0.051","0.013","0.085","0.038","1620765792"
"0.0","0.0","0.106","0","0","0","0.025","0.029","0.051","0.013","0.085","0.038","1620765792"
"0.0","0.0","0.106","0","0","0","0.031","0.013","0.051","0.013","0.111","0.041","1620765732"
"0.0","0.0","0.106","0","0","0","0.031","0.013","0.051","0.013","0.111","0.041","1620765732"
"0.0","0.0","0.106","0","0","0","0.024","0.02","0.047","0.013","0.107","0.038","1620765672"
"0.0","0.0","0.106","0","0","0","0.024","0.02","0.047","0.013","0.107","0.038","1620765672"
"0.0","0.0","0.106","0","0","0","0.028","0.029","0.052","0.015","0.091","0.05","1620765611"
"0.0","0.0","0.106","0","0","0","0.028","0.029","0.052","0.015","0.091","0.05","1620765611"
"0.0","0.0","0.106","0","0","0","0.024","0.022","0.049","0.015","0.119","0.04","1620765551"
"0.0","0.0","0.106","0","0","0","0.025","0.02","0.049","0.013","0.12","0.042","1620765491"
"0.0","0.0","0.106","0","0","0","0.025","0.02","0.049","0.013","0.12","0.042","1620765491"
"0.0","0.0","0.106","0","0","0","0.024","0.019","0.05","0.014","0.105","0.04","1620765430"
"0.0","0.0","0.106","0","0","0","0.024","0.019","0.05","0.014","0.105","0.04","1620765430"
"0.0","0.0","0.106","0","0","0","0.027","0.011","0.047","0.013","0.093","0.043","1620765370"
"0.0","0.0","0.106","0","0","0","0.027","0.011","0.047","0.013","0.093","0.043","1620765370"
"0.0","0.0","0.106","0","0","0","0.022","0.03","0.056","0.016","0.108","0.042","1620765309"
"0.0","0.0","0.106","0","0","0","0.022","0.03","0.056","0.016","0.108","0.042","1620765309"
"0.0","0.0","0.106","0","0","0","0.024","0.013","0.049","0.015","0.094","0.041","1620765249"
"0.0","0.0","0.106","0","0","0","0.022","0.013","0.046","0.013","0.066","0.029","1620765188"
"0.0","0.0","0.106","0","0","0","0.022","0.013","0.046","0.013","0.066","0.029","1620765188"
"0.0","0.0","0.106","0","0","0","0.023","0.027","0.047","0.013","0.079","0.037","1620765128"
"0.0","0.0","0.106","0","0","0","0.027","0.03","0.049","0.017","0.116","0.044","1620765067"
"0.0","0.0","0.106","0","0","0","0.027","0.03","0.049","0.017","0.116","0.044","1620765067"
"0.0","0.0","0.106","0","0","0","0.023","0.019","0.049","0.011","0.093","0.039","1620765007"
"0.0","0.0","0.106","0","0","0","0.023","0.019","0.049","0.011","0.093","0.039","1620765007"
"0.0","0.0","0.106","0","0","0","0.026","0.02","0.048","0.015","0.079","0.044","1620764946"
"0.0","0.0","0.106","0","0","0","0.026","0.02","0.048","0.015","0.079","0.044","1620764946"
"0.0","0.0","0.106","0","0","0","0.023","0.026","0.046","0.014","0.1","0.028","1620764886"
"0.0","0.0","0.106","0","0","0","0.023","0.026","0.046","0.014","0.1","0.028","1620764886"
"0.0","0.0","0.106","0","0","0","0.032","0.031","0.053","0.014","0.081","0.04","1620764826"
"0.0","0.0","0.106","0","0","0","0.032","0.031","0.053","0.014","0.081","0.04","1620764826"
"0.0","0.0","0.106","0","0","0","0.026","0.022","0.056","0.012","0.11","0.036","1620764765"
"0.0","0.0","0.106","0","0","0","0.021","0.026","0.053","0.013","0.097","0.042","1620764705"
"0.0","0.0","0.106","0","0","0","0.021","0.026","0.053","0.013","0.097","0.042","1620764705"
"0.0","0.0","0.106","0","0","0","0.021","0.03","0.046","0.012","0.09","0.033","1620764644"
"0.0","0.0","0.106","0","0","0","0.021","0.03","0.046","0.012","0.09","0.033","1620764644"
"0.0","0.0","0.106","0","0","0","0.023","0.022","0.046","0.016","0.119","0.045","1620764584"
"0.0","0.0","0.106","0","0","0","0.023","0.022","0.046","0.016","0.119","0.045","1620764584"
"0.0","0.0","0.125","0","0","0","0.024","0.031","0.046","0.013","0.08","0.033","1620764523"
"0.0","0.0","0.125","0","0","0","0.024","0.031","0.046","0.013","0.08","0.033","1620764523"
"0.0","0.0","0.106","0","0","0","0.022","0.031","0.055","0.013","0.082","0.034","1620764463"
"0.0","0.0","0.106","0","0","0","0.022","0.031","0.055","0.013","0.082","0.034","1620764463"
"0.0","0.0","0.106","0","0","0","0.023","0.028","0.045","0.014","0.119","0.04","1620764402"
"0.0","0.0","0.106","0","0","0","0.023","0.028","0.045","0.014","0.119","0.04","1620764402"
"0.0","0.0","0.106","0","0","0","0.021","0.021","0.05","0.012","0.108","0.043","1620764342"
"0.0","0.0","0.106","0","0","0","0.021","0.021","0.05","0.012","0.108","0.043","1620764342"
"0.0","0.0","0.106","0","0","0","0.025","0.02","0.044","0.014","0.113","0.038","1620764282"
"0.0","0.0","0.106","0","0","0","0.025","0.02","0.044","0.014","0.113","0.038","1620764282"
"0.0","0.0","0.106","0","0","0","0.025","0.023","0.046","0.016","0.159","0.062","1620764221"
"0.0","0.0","0.106","0","0","0","0.025","0.023","0.046","0.016","0.159","0.062","1620764221"
"0.0","0.0","0.106","0","0","0","0.022","0.021","0.052","0.013","0.101","0.035","1620764161"
"0.0","0.0","0.106","0","0","0","0.022","0.021","0.052","0.013","0.101","0.035","1620764161"
"0.0","0.0","0.106","0","0","0","0.024","0.012","0.043","0.014","0.112","0.041","1620764100"
"0.0","0.0","0.106","0","0","0","0.024","0.012","0.043","0.014","0.112","0.041","1620764100"
"0.0","0.0","0.106","0","0","0","0.021","0.024","0.049","0.014","0.082","0.039","1620764040"
"0.0","0.0","0.106","0","0","0","0.021","0.024","0.049","0.014","0.082","0.039","1620764040"
"0.0","0.0","0.106","0","0","0","0.031","0.028","0.049","0.014","0.106","0.048","1620763980"
"0.0","0.0","0.106","0","0","0","0.031","0.028","0.049","0.014","0.106","0.048","1620763980"
"0.0","0.0","0.125","0","0","0","0.026","0.021","0.047","0.013","0.096","0.045","1620763919"
"0.0","0.0","0.106","0","0","0","0.025","0.014","0.052","0.014","0.114","0.043","1620763859"
"0.0","0.0","0.106","0","0","0","0.028","0.03","0.048","0.015","0.097","0.043","1620763799"
"0.0","0.0","0.106","0","0","0","0.022","0.021","0.059","0.013","0.132","0.037","1620763739"
"0.0","0.0","0.106","0","0","0","0.022","0.021","0.059","0.013","0.132","0.037","1620763739"
"0.0","0.0","0.106","0","0","0","0.025","0.03","0.052","0.015","0.103","0.038","1620763678"
"0.0","0.0","0.106","0","0","0","0.025","0.03","0.052","0.015","0.103","0.038","1620763678"
"0.0","0.0","0.106","0","0","0","0.023","0.031","0.046","0.017","0.106","0.05","1620763618"
"0.0","0.0","0.106","0","0","0","0.023","0.031","0.046","0.017","0.106","0.05","1620763618"
"0.0","0.0","0.106","0","0","0","0.021","0.013","0.043","0.015","0.113","0.039","1620763558"
"0.0","0.0","0.106","0","0","0","0.022","0.019","0.048","0.015","0.115","0.043","1620763498"
"0.0","0.0","0.106","0","0","0","0.022","0.019","0.048","0.015","0.115","0.043","1620763498"
"0.0","0.0","0.106","0","0","0","0.025","0.021","0.05","0.023","0.106","0.04","1620763437"
"0.0","0.0","0.106","0","0","0","0.023","0.031","0.048","0.016","0.091","0.042","1620763377"
"0.0","0.0","0.106","0","0","0","0.026","0.02","0.047","0.014","0.106","0.04","1620763317"
"0.0","0.0","0.106","0","0","0","0.026","0.02","0.047","0.014","0.106","0.04","1620763317"
"0.0","0.0","0.106","0","0","0","0.033","0.03","0.045","0.014","0.107","0.039","1620763257"
"0.0","0.0","0.106","0","0","0","0.02","0.013","0.047","0.013","0.106","0.038","1620763196"
"0.0","0.0","0.106","0","0","0","0.02","0.013","0.047","0.013","0.106","0.038","1620763196"
"0.0","0.0","0.106","0","0","0","0.022","0.026","0.05","0.014","0.106","0.041","1620763136"
"0.0","0.0","0.106","0","0","0","0.022","0.022","0.054","0.014","0.11","0.042","1620763076"
"0.0","0.0","0.125","0","0","0","0.025","0.021","0.046","0.016","0.108","0.042","1620763015"
"0.0","0.0","0.106","0","0","0","0.026","0.02","0.046","0.014","0.11","0.043","1620762955"
"0.0","0.0","0.106","0","0","0","0.026","0.012","0.046","0.014","0.111","0.035","1620762895"